Age,Gender,Country,self_employed,family_history,work_interfere,no_employees,remote_work,tech_company,benefits,care_options,wellness_program,seek_help,anonymity,leave,mental_health_consequence,phys_health_consequence,coworkers,supervisor,mental_health_interview,phys_health_interview,mental_vs_physical,obs_consequence
25,20,39,0,0,4,4,0,1,1,0,1,1,2,1,0,1,1,2,1,2,1,0
38,39,45,0,1,3,5,0,1,2,1,2,2,2,0,2,1,0,0,1,1,1,0
26,10,44,2,1,3,0,1,1,1,0,1,1,0,4,0,1,1,2,1,0,2,0
28,20,44,0,1,3,5,0,1,0,0,1,1,0,0,0,0,1,0,1,0,0,0
30,20,21,2,0,3,0,1,1,1,0,1,1,0,1,1,1,1,1,1,0,1,0
32,20,45,0,0,3,5,0,1,2,0,1,2,0,2,1,1,2,1,0,2,0,0
24,10,45,2,1,3,0,1,1,1,0,0,0,0,0,1,1,1,1,1,1,0,1
28,10,45,0,1,3,2,0,1,0,1,1,1,0,0,2,0,1,0,1,0,0,0
37,37,44,0,0,1,4,0,1,1,0,1,1,0,0,2,1,2,2,0,2,1,0
26,10,45,0,1,2,1,0,1,2,0,1,1,0,0,0,0,0,0,1,0,1,0
60,39,45,0,0,4,5,0,1,2,0,0,2,0,0,1,1,1,2,0,0,2,0
37,20,28,2,0,0,0,1,1,0,1,0,0,0,4,2,2,1,1,1,1,0,0
31,20,45,0,1,3,4,0,1,1,0,1,1,0,2,0,1,2,2,1,0,0,0
33,20,45,0,0,4,4,1,1,2,0,0,2,2,0,1,1,1,2,1,1,2,0
30,20,45,2,0,1,4,1,1,1,1,1,2,0,1,1,1,2,2,1,0,2,0
26,10,45,0,1,3,2,0,1,2,2,1,1,2,1,1,1,2,2,1,1,1,1
28,20,0,0,0,1,1,1,1,1,2,1,1,0,0,2,1,0,0,1,0,1,0
48,39,0,0,0,3,4,0,1,1,0,1,1,0,2,2,1,1,0,1,0,1,1
45,8,45,0,0,3,0,0,1,2,0,1,1,2,1,1,1,2,2,1,1,2,0
36,11,45,0,1,2,4,0,1,0,0,1,0,0,0,2,0,1,0,1,1,0,0
61,39,39,2,0,3,0,1,1,1,0,1,1,0,3,2,0,1,2,1,0,1,1
57,20,45,0,0,0,2,0,1,2,2,1,2,2,1,2,0,0,0,1,0,0,1
41,37,45,0,1,1,5,0,1,2,0,2,2,0,1,0,1,2,1,1,0,1,1
40,16,45,0,0,2,5,0,1,2,2,2,2,2,0,1,1,1,1,1,0,0,0
29,8,45,0,0,3,2,0,1,2,2,1,1,0,0,0,1,1,1,1,0,1,1
27,20,44,0,0,0,0,0,1,0,0,1,0,0,0,1,1,1,2,0,0,0,0
25,20,7,0,1,3,5,0,1,2,2,1,0,0,0,2,0,1,0,1,1,1,0
29,39,45,0,0,3,5,0,1,2,0,2,1,0,0,2,0,0,0,1,1,0,0
27,20,0,0,0,0,0,1,1,1,0,1,1,0,0,2,1,0,0,1,0,0,0
43,20,45,0,0,3,5,1,1,1,1,1,1,0,3,2,0,0,0,1,0,1,1
37,15,7,0,1,3,1,0,0,2,2,1,1,0,1,2,0,1,1,1,0,1,0
34,20,7,0,1,3,5,0,1,2,1,2,2,2,0,0,1,0,0,1,0,0,0
32,35,44,0,0,4,5,0,0,1,0,1,0,0,0,0,1,1,2,1,2,1,0
41,20,45,0,0,3,2,1,1,2,2,0,1,0,4,1,1,2,2,2,2,2,0
33,39,7,0,1,1,4,1,1,0,0,1,1,1,1,2,1,0,0,1,0,0,0
31,20,45,0,1,2,1,0,1,1,0,1,0,0,1,2,2,1,0,1,1,1,1
32,20,44,0,0,4,5,0,0,0,1,1,0,0,0,0,1,1,1,1,2,0,0
29,39,7,0,0,4,0,1,1,1,2,1,1,0,1,0,0,2,2,1,0,0,0
39,10,44,0,1,2,3,1,1,0,1,1,1,0,1,2,2,0,0,1,1,1,1
31,20,45,0,0,4,5,0,1,2,1,0,0,2,0,1,1,0,1,1,1,2,0
26,20,45,0,0,3,4,0,1,2,2,1,1,2,0,0,1,1,0,1,0,0,0
43,16,45,0,0,3,5,0,1,2,2,2,2,2,2,2,0,0,0,1,2,0,0
31,20,45,0,0,4,1,0,0,0,0,1,1,2,2,0,1,0,0,1,2,1,0
36,20,45,2,0,0,0,0,1,1,2,1,1,0,2,0,1,1,2,1,1,2,0
30,39,7,0,1,3,5,0,0,0,0,1,1,1,3,2,1,1,0,1,2,1,1
27,39,15,0,0,4,4,0,1,0,1,0,0,0,0,1,1,2,2,1,1,2,0
34,16,45,0,0,0,4,1,1,2,1,0,0,0,2,0,0,0,1,1,0,0,0
27,4,45,2,0,1,0,1,1,2,2,2,2,2,4,0,0,1,2,1,0,2,0
19,39,38,0,0,3,4,0,1,0,0,1,1,0,2,2,2,1,0,1,1,0,0
24,20,44,2,0,4,0,1,1,1,2,1,1,2,4,1,1,0,0,1,0,2,0
27,20,44,0,0,0,4,0,1,0,0,1,1,0,0,0,0,1,1,1,1,0,0
32,20,44,0,0,2,3,0,1,1,0,1,1,0,0,2,1,0,0,1,1,0,0
22,20,20,0,0,4,2,0,1,1,0,1,1,0,0,0,0,1,2,0,0,0,0
27,10,45,0,0,2,4,0,1,2,0,1,1,2,0,0,0,2,0,1,0,0,0
40,10,45,0,0,0,2,0,0,0,1,1,1,0,2,0,0,2,2,0,0,0,0
43,20,45,0,0,4,3,1,1,0,1,0,0,0,0,1,1,2,2,1,1,2,0
25,20,45,0,1,3,2,0,1,0,2,1,1,0,2,2,1,1,1,1,0,0,0
32,20,45,0,0,3,4,0,1,1,2,1,1,2,2,1,1,1,2,0,0,2,0
29,10,45,0,0,4,4,0,1,0,0,1,0,0,2,0,1,1,0,1,1,0,0
45,39,45,0,1,3,5,0,1,2,2,0,0,2,0,0,1,1,1,1,0,0,0
37,20,45,0,1,3,2,1,1,0,0,1,1,0,2,0,1,1,1,1,0,1,0
37,20,44,2,0,3,5,0,0,1,2,2,2,2,3,2,2,1,0,1,0,2,0
23,16,45,0,1,4,2,1,1,2,2,1,0,2,0,0,1,0,1,1,1,0,0
28,18,45,0,0,3,4,1,1,1,2,1,1,0,2,2,0,1,0,1,1,0,0
26,8,45,0,0,3,1,0,1,2,2,1,1,0,1,2,0,1,1,1,1,1,1
22,37,1,0,0,4,4,1,1,0,0,0,1,0,2,1,1,1,1,1,1,0,0
31,35,3,0,1,2,1,0,0,2,0,1,1,1,0,0,1,1,0,1,1,0,1
35,10,45,0,1,3,4,0,0,2,1,2,2,2,1,0,0,1,2,1,0,2,0
23,20,45,0,0,0,2,0,1,0,1,0,0,0,0,1,1,0,2,1,2,2,0
43,39,17,0,0,3,2,0,0,1,2,0,1,0,2,0,1,1,1,1,2,1,1
38,20,45,0,0,2,2,1,1,2,0,1,1,0,0,2,1,0,0,1,0,1,0
24,35,45,0,1,3,5,0,1,2,2,1,2,2,0,0,1,1,0,1,0,0,0
45,20,21,2,0,1,0,0,1,1,0,1,1,0,3,1,1,0,0,1,1,0,0
33,11,45,0,0,0,3,0,1,2,1,2,2,0,4,0,1,1,2,1,1,2,0
34,39,33,0,0,0,5,1,1,0,1,1,1,0,0,0,1,1,1,1,2,0,0
28,20,45,0,1,3,2,1,1,2,1,1,0,0,0,2,1,1,1,1,1,0,1
56,35,45,2,0,2,0,1,1,0,1,0,0,0,0,0,0,0,0,1,1,0,0
37,20,21,0,1,3,0,0,1,1,0,1,1,0,4,1,1,2,2,0,0,2,0
29,10,45,0,1,2,4,0,1,0,0,1,1,0,0,2,1,0,0,1,1,0,0
33,35,44,2,0,3,0,1,1,1,2,2,2,2,4,1,1,1,2,1,1,0,0
41,35,28,2,0,2,0,1,1,0,2,0,2,1,2,1,1,2,2,2,2,2,0
28,35,45,0,1,1,1,1,1,2,0,1,0,0,0,2,2,1,1,1,1,1,1
40,37,45,0,0,4,5,0,0,2,1,0,0,0,2,0,1,1,1,1,0,0,0
23,20,44,0,0,3,0,0,1,1,0,1,1,0,3,0,1,2,2,2,2,1,1
26,45,17,2,0,3,4,1,1,1,1,2,2,2,4,1,1,1,1,0,0,2,0
23,20,41,0,0,2,4,0,1,0,0,1,0,0,4,1,1,1,2,0,0,2,0
33,39,11,0,1,3,4,1,1,2,2,1,0,2,4,1,1,1,2,0,0,2,0
29,20,45,0,0,3,5,0,1,2,0,1,0,0,0,2,1,1,1,1,0,1,0
26,20,17,2,1,1,0,0,1,1,0,1,1,0,0,0,1,2,2,0,2,1,1
28,35,45,0,1,3,2,1,1,0,0,1,1,0,2,2,1,1,1,1,0,1,0
43,5,45,0,0,3,1,1,1,2,2,1,2,2,3,2,0,1,0,1,0,1,1
32,20,45,0,1,2,5,0,0,2,2,2,2,2,0,1,1,1,2,1,2,2,0
35,16,45,0,0,2,5,1,1,2,2,1,2,2,4,1,1,2,2,0,0,2,0
32,20,44,0,0,0,4,1,1,1,0,1,1,0,0,2,2,1,1,1,0,1,0
33,16,45,0,1,3,2,0,1,2,2,2,2,2,2,1,1,1,2,1,1,0,0
31,10,45,0,1,3,1,0,1,2,2,1,1,0,1,1,1,2,2,0,0,0,0
28,20,44,0,0,0,4,0,1,0,0,1,1,2,4,1,1,1,2,0,0,2,0
25,20,7,0,0,1,4,1,0,0,0,1,0,0,1,2,0,0,0,1,0,0,0
39,20,44,2,1,3,0,1,1,1,2,2,2,2,1,1,1,2,2,1,0,2,1
41,20,45,0,1,3,5,0,1,2,2,1,2,0,0,0,1,1,1,1,0,1,0
31,20,45,0,0,3,3,0,0,1,2,1,0,2,0,1,1,1,0,1,1,1,0
41,10,45,0,1,3,2,0,1,2,0,1,0,0,0,2,0,0,0,1,1,0,0
30,20,45,2,1,1,2,0,1,2,1,2,2,0,0,1,1,1,2,0,0,2,0
41,37,45,0,0,3,5,0,1,2,2,2,2,2,0,0,1,1,2,0,2,2,1
31,20,44,1,1,1,2,0,1,1,2,1,1,1,1,2,2,1,0,0,0,1,1
28,20,45,0,0,3,2,0,1,2,2,2,2,2,2,1,1,1,1,1,0,2,0
20,8,42,0,0,2,5,0,1,2,2,2,2,2,2,1,1,1,1,1,0,2,0
37,39,17,0,0,4,4,0,1,0,0,1,1,2,4,1,1,2,2,0,0,2,0
43,16,45,0,1,3,2,0,0,2,1,1,2,0,2,2,1,0,0,1,1,1,0
48,20,45,0,0,0,5,0,1,2,2,2,2,2,0,0,0,2,2,1,0,2,1
44,37,45,0,0,4,5,1,0,0,0,0,0,2,0,2,1,1,0,1,1,1,0
21,20,7,0,0,0,2,0,1,0,1,0,1,0,0,2,0,0,0,1,0,0,0
27,20,45,0,1,4,5,0,1,0,0,0,0,0,4,1,1,2,2,0,0,2,0
29,10,45,0,0,1,5,1,0,2,0,1,1,0,2,1,1,1,2,0,0,0,0
29,39,25,0,0,4,2,0,1,1,2,1,1,0,2,0,0,1,1,1,1,0,0
25,20,17,0,0,4,3,0,1,2,2,0,2,2,2,0,0,1,2,2,2,2,0
24,10,45,0,0,4,5,0,1,2,2,2,2,2,2,1,1,1,1,2,2,2,0
33,20,45,1,1,3,4,0,1,2,1,1,0,0,0,1,1,2,2,1,0,0,0
26,35,7,0,1,3,2,0,0,1,2,1,1,1,3,2,1,0,0,1,0,1,1
30,16,45,0,0,4,1,0,0,2,0,1,0,0,0,0,1,1,2,1,1,0,0
65,20,45,2,0,4,4,1,0,1,0,1,1,0,4,0,1,1,0,1,1,2,0
31,16,45,0,0,4,2,1,1,0,0,1,0,0,0,2,1,0,0,1,0,0,0
31,39,45,0,0,0,2,0,1,2,2,1,0,2,4,0,1,0,0,1,1,0,0
29,39,37,0,1,3,2,0,1,0,1,1,1,0,1,0,1,0,0,1,0,1,0
46,10,45,0,0,1,1,1,0,2,2,1,1,2,0,0,1,1,1,1,0,1,0
32,20,44,2,0,2,0,0,1,1,2,2,2,2,4,1,1,1,2,1,2,1,1
41,20,7,0,0,0,3,0,1,2,1,1,0,0,2,1,1,1,1,1,1,0,0
34,20,0,2,0,3,0,1,1,0,1,2,2,0,1,2,2,0,0,1,0,2,0
40,14,45,0,1,0,5,0,1,2,2,2,0,2,0,2,0,0,1,1,0,2,0
29,39,7,2,0,0,2,1,1,2,2,1,1,2,3,2,1,1,0,1,2,1,0
34,39,21,0,0,1,4,0,1,1,0,1,1,0,1,2,0,1,2,1,0,1,0
51,37,45,0,0,4,1,0,0,0,1,1,0,0,1,1,1,1,2,1,1,0,0
23,10,0,0,1,1,0,1,1,1,1,1,1,0,4,1,1,1,2,1,0,2,0
36,16,45,0,0,3,1,1,1,2,0,0,2,0,0,0,1,1,1,0,2,2,0
99999999999,2,47,2,1,1,0,0,1,1,2,1,1,1,3,2,2,0,0,2,1,1,1
37,20,44,0,1,3,2,0,0,1,0,1,1,0,0,2,0,1,2,1,0,0,0
42,35,45,1,1,3,2,0,0,2,2,1,1,0,1,2,2,2,2,0,0,1,1
21,20,44,0,1,0,4,0,0,1,0,1,1,2,2,0,1,1,1,1,0,0,0
34,20,44,0,0,4,4,0,1,1,0,1,1,0,2,0,0,1,2,1,0,0,0
37,16,45,0,0,0,5,0,1,2,2,2,2,0,0,1,1,1,2,0,0,0,0
25,20,17,0,0,0,5,0,0,0,1,0,2,0,0,1,1,2,2,1,2,0,0
26,20,45,0,1,3,5,0,1,0,1,1,2,2,3,0,1,1,1,2,2,1,1
37,20,28,0,1,3,4,0,1,1,0,1,1,2,2,0,1,1,2,1,0,2,0
27,16,29,0,0,2,2,0,1,1,2,1,2,1,1,2,1,0,0,1,0,1,1
19,28,45,0,1,1,2,0,0,0,1,1,1,0,1,0,0,0,0,1,0,1,0
38,39,23,0,0,0,2,0,1,0,1,0,0,2,0,1,1,1,2,2,0,1,0
28,20,29,0,1,3,4,1,1,2,2,2,1,0,4,1,1,2,2,2,2,2,0
50,20,45,0,1,4,1,1,1,0,0,1,0,0,0,1,1,1,2,0,0,0,0
34,35,7,0,1,1,2,0,0,0,0,2,0,0,2,1,1,1,1,1,1,2,0
38,39,45,0,1,4,4,0,1,0,0,1,1,0,1,1,1,1,2,1,1,0,1
31,7,44,0,1,3,5,0,1,0,0,1,1,0,0,2,0,0,0,1,2,2,0
27,20,45,0,0,3,1,0,1,0,1,1,1,2,3,0,1,1,0,1,0,1,0
32,20,45,0,0,3,2,0,1,2,2,2,0,2,0,1,1,1,2,1,0,0,0
34,39,44,0,0,3,2,0,1,1,2,1,1,0,2,0,0,2,1,1,1,0,0
51,37,45,2,0,0,0,0,1,1,2,1,1,2,1,1,1,1,1,0,0,0,0
26,39,45,2,1,2,1,1,0,1,0,1,0,1,0,0,1,1,2,1,2,1,0
34,20,44,0,1,4,4,0,1,1,0,1,1,2,1,1,1,1,2,1,2,1,1
40,8,45,0,1,3,2,0,1,2,2,1,2,2,2,1,1,2,2,1,0,2,1
25,35,45,2,1,1,0,1,1,0,1,1,1,2,1,2,1,1,0,1,0,1,1
32,20,7,1,0,2,4,0,1,1,0,1,1,0,1,1,1,2,2,2,2,1,0
35,10,45,1,1,3,0,1,1,1,0,1,1,1,1,0,0,1,0,1,1,0,0
37,20,44,0,1,2,4,0,1,1,0,1,1,2,2,2,1,1,2,1,0,1,1
35,39,45,0,0,2,1,0,1,2,1,0,2,0,0,1,1,1,2,1,1,0,0
25,20,45,0,1,1,0,0,1,1,2,1,1,2,4,0,1,2,2,1,0,1,0
32,20,44,0,1,3,4,0,1,1,0,1,0,0,2,1,1,1,2,1,1,0,0
34,20,45,0,1,3,2,1,1,2,2,1,1,0,0,0,1,1,1,1,2,0,1
35,20,45,0,0,4,4,1,1,1,0,1,1,0,0,1,1,0,0,1,1,0,0
19,20,45,0,0,3,0,0,1,0,1,1,1,0,0,1,1,1,2,0,0,0,0
27,35,45,2,1,3,0,1,1,1,0,0,0,0,3,1,1,1,0,1,1,0,0
33,20,44,0,0,4,4,0,1,0,0,1,1,0,0,0,1,1,1,1,0,0,0
35,10,45,0,1,2,4,1,1,2,2,0,0,0,0,1,1,2,2,0,0,2,0
31,20,32,0,0,3,5,0,1,0,0,1,1,0,3,2,2,1,0,1,0,1,1
21,1,44,0,0,3,2,0,1,1,2,2,1,2,2,0,1,1,1,1,1,2,0
24,20,45,0,0,3,2,1,1,0,0,1,0,0,2,1,1,1,2,1,0,1,0
25,20,45,0,0,0,5,0,0,0,0,1,1,0,0,1,1,1,2,1,1,0,0
39,16,45,0,1,1,2,1,1,2,2,2,2,0,2,2,1,1,2,1,1,1,0
27,10,0,0,1,3,4,0,1,1,2,1,1,1,1,2,1,1,1,1,1,1,0
29,37,44,0,0,3,1,0,1,1,0,1,1,0,1,1,1,1,1,1,0,1,0
43,20,45,0,0,3,4,0,1,1,2,1,1,0,2,1,1,2,2,1,0,0,0
25,10,41,0,1,3,4,0,1,2,2,2,1,0,2,1,1,1,2,1,1,1,0
33,10,7,2,1,1,0,1,1,1,2,1,1,1,3,2,2,0,0,1,0,1,1
41,16,45,0,0,2,5,0,1,2,2,2,2,0,0,0,0,1,0,1,1,2,1
23,10,44,0,0,3,4,0,1,0,1,0,0,0,0,0,0,1,1,1,0,2,0
35,39,45,0,0,0,5,0,1,0,0,1,0,0,0,2,0,1,1,1,1,0,0
35,39,45,0,1,3,5,0,0,2,2,1,0,1,4,2,1,1,2,1,2,1,0
30,20,44,0,0,3,2,0,1,0,0,1,0,0,0,2,0,0,0,1,0,0,0
32,20,45,2,0,3,0,1,1,0,1,0,0,0,4,1,1,2,2,2,2,0,0
34,20,45,0,0,4,4,0,1,1,0,1,1,0,0,1,1,2,2,0,2,0,0
22,10,45,0,1,1,5,0,1,2,2,2,2,2,2,0,1,0,1,1,1,2,1
35,16,45,0,1,3,2,1,1,0,1,1,1,0,2,1,1,1,2,1,0,1,0
38,37,44,0,1,4,3,0,0,2,2,2,2,0,2,1,1,1,2,1,0,1,0
27,23,45,0,1,2,2,0,1,2,2,1,1,2,0,0,1,0,0,1,1,0,0
25,20,45,0,1,3,5,0,0,2,2,2,2,2,0,0,1,1,1,1,1,1,1
32,8,45,0,1,3,4,0,1,0,0,1,1,1,0,2,0,1,1,1,0,1,1
29,20,45,0,0,0,5,0,1,2,2,1,2,0,0,2,2,0,0,1,1,0,0
40,16,45,0,1,1,3,1,1,0,1,1,0,0,0,0,0,1,1,1,2,0,0
42,16,45,0,0,2,5,0,0,0,0,1,0,0,0,0,1,1,0,1,0,1,0
24,10,44,0,1,1,4,1,1,1,0,1,1,0,4,1,1,2,2,1,1,0,0
23,29,45,0,0,2,5,0,1,2,2,1,1,2,1,0,1,2,2,1,1,1,0
33,39,45,0,1,1,5,1,1,2,2,1,1,0,2,2,1,0,0,1,1,1,0
8,0,2,2,1,1,0,1,1,2,2,2,2,2,4,2,2,2,2,2,2,2,1
42,20,45,0,0,1,4,0,1,0,0,1,0,0,0,2,0,0,0,1,0,0,0
29,20,45,0,1,3,2,0,1,0,0,1,1,1,1,2,1,1,1,1,0,0,0
33,39,45,2,0,1,0,1,1,1,0,1,1,2,2,2,0,1,1,2,2,0,0
34,20,44,0,1,1,2,1,0,0,1,1,1,0,2,0,1,1,2,0,2,2,0
20,20,20,0,0,3,2,0,1,0,0,1,1,0,0,2,1,0,0,1,0,2,0
43,20,26,2,0,4,5,1,1,0,0,1,0,0,0,1,1,1,2,1,0,0,0
38,10,45,0,1,3,2,1,1,0,1,0,0,0,0,1,1,1,2,1,1,0,0
38,39,28,0,1,1,2,1,1,1,1,1,0,0,0,0,0,1,1,0,0,0,0
33,20,45,2,1,3,0,1,1,1,2,1,1,2,4,0,0,2,2,1,1,2,0
24,10,44,0,0,3,1,0,1,1,0,1,1,0,0,0,1,0,1,1,0,0,0
25,37,45,0,0,4,5,0,1,0,1,0,0,0,0,0,1,0,0,1,0,0,0
39,20,45,0,0,3,3,0,1,2,1,2,0,2,0,2,0,2,2,1,0,0,0
60,20,45,0,0,1,5,1,1,0,0,2,0,0,2,0,0,1,0,1,0,0,0
29,16,45,0,0,4,1,0,0,0,1,1,0,0,0,0,1,0,0,1,0,0,0
33,39,6,0,0,2,2,1,1,1,0,1,1,0,2,0,1,1,1,1,0,0,1
35,20,45,0,1,2,2,0,0,2,2,1,2,2,1,0,1,1,1,1,1,1,0
38,20,44,2,0,3,2,1,1,1,0,1,1,2,2,0,0,1,2,1,0,2,0
29,20,7,0,0,0,5,0,0,2,1,2,2,2,1,0,1,1,0,1,0,0,1
29,10,45,0,1,3,2,1,0,0,0,1,0,0,0,0,1,1,2,1,0,0,0
40,20,45,0,1,3,5,0,1,2,2,2,2,2,0,2,2,0,0,1,0,1,1
27,10,29,0,1,2,1,1,1,1,0,1,1,0,2,0,0,1,1,1,2,0,0
33,20,45,0,1,3,1,0,0,2,1,1,1,2,1,2,2,0,0,1,1,1,0
44,20,45,0,1,3,5,0,0,2,0,1,0,0,0,2,0,1,0,1,0,0,1
34,39,45,0,0,3,2,0,1,0,0,1,1,0,0,0,1,2,2,1,0,0,0
32,10,45,0,1,1,1,0,1,2,0,1,0,0,0,2,1,1,2,1,1,0,0
34,20,45,0,0,4,2,0,1,0,0,1,1,0,2,0,1,1,0,1,0,0,0
26,39,0,0,1,3,2,1,1,1,0,1,1,2,0,1,1,2,2,1,0,2,0
18,10,44,0,1,3,0,1,1,0,1,0,0,0,0,0,0,1,1,0,0,0,0
27,20,45,0,0,3,5,0,1,2,2,2,2,2,0,1,1,0,0,1,2,2,0
32,35,17,0,0,3,1,0,1,1,0,1,1,0,3,2,2,1,0,1,1,1,1
22,20,0,2,1,3,4,1,1,0,1,2,2,0,2,0,1,1,2,1,2,1,1
30,10,45,0,0,4,5,0,1,2,2,2,2,2,4,1,1,1,0,1,1,2,0
32,20,29,0,0,3,4,0,1,1,0,1,1,0,4,1,1,1,2,0,2,0,0
29,16,45,2,0,4,0,1,1,1,2,1,1,2,4,1,1,2,2,0,0,2,0
27,20,44,0,0,2,5,1,0,0,1,1,2,0,0,1,1,1,2,1,1,0,0
33,20,44,2,1,3,0,1,1,1,2,1,1,1,3,2,0,1,1,1,0,1,1
43,16,45,0,1,3,3,0,0,2,1,1,0,0,0,0,1,0,1,1,0,1,0
33,39,45,0,1,4,2,0,0,2,0,1,1,2,1,1,1,1,1,1,1,0,0
24,39,21,0,0,4,5,0,1,0,1,0,0,0,0,1,1,0,0,1,1,0,0
21,16,45,0,1,4,5,0,1,2,2,2,2,2,0,1,1,1,2,1,0,2,0
36,16,45,0,0,0,1,0,0,0,0,1,0,0,0,2,0,0,0,1,0,0,1
28,10,44,0,0,0,2,0,1,0,0,1,0,2,2,1,1,2,2,0,0,0,0
26,20,45,0,0,0,2,0,1,0,1,1,1,0,0,2,2,1,0,1,1,1,0
25,20,4,0,1,2,2,1,1,0,1,0,0,0,0,0,2,0,0,1,1,0,1
22,20,45,0,0,3,3,0,1,2,2,1,0,2,0,2,1,0,0,1,2,1,0
22,8,45,0,0,4,5,0,1,2,0,2,2,2,2,1,1,0,1,1,1,2,0
32,20,44,0,0,0,4,0,1,1,0,1,1,0,0,0,1,1,0,1,2,2,0
28,10,7,0,1,3,4,0,0,2,2,2,2,2,0,1,1,1,2,1,1,1,1
43,20,44,0,1,2,2,0,1,1,0,1,1,0,3,2,2,1,0,1,1,1,1
33,16,45,2,1,2,0,1,1,1,2,2,2,1,3,1,1,2,2,1,1,2,1
29,20,44,0,1,0,1,0,1,0,1,0,0,0,0,0,0,0,0,1,1,1,0
34,39,1,0,1,4,1,1,1,0,0,0,0,0,4,1,1,2,2,1,1,2,0
33,24,23,0,1,3,4,0,1,1,1,1,1,0,2,1,1,1,2,1,1,0,0
33,39,45,2,0,0,4,1,1,0,0,1,1,1,4,0,1,1,2,1,0,2,0
27,20,7,0,0,3,4,1,1,1,2,1,1,1,3,2,2,1,1,1,0,1,0
34,20,45,0,0,4,5,1,1,0,1,0,0,0,0,1,1,1,2,1,0,2,0
29,20,45,0,0,0,4,0,1,2,2,1,2,2,0,0,1,1,1,1,1,1,0
58,20,45,0,0,2,5,0,1,2,2,2,2,2,2,0,1,1,2,1,2,2,0
29,39,45,0,0,4,2,0,1,2,2,2,2,2,4,1,1,1,2,1,0,2,0
36,39,33,2,1,1,4,0,1,1,0,1,1,0,2,1,1,1,2,0,0,2,1
40,35,45,0,1,3,1,0,0,2,2,2,2,2,0,0,1,1,2,1,1,0,1
39,16,44,0,1,3,5,0,0,1,0,1,1,2,4,0,0,1,2,0,0,2,0
45,16,45,0,0,3,5,0,1,0,1,0,0,0,0,2,2,1,1,1,1,0,0
39,20,45,0,0,1,5,0,1,2,1,1,1,0,2,1,1,2,2,1,1,0,0
32,20,44,0,0,3,2,0,0,2,2,1,1,2,4,1,1,0,2,1,1,2,0
38,20,45,0,1,3,1,1,1,2,2,1,2,0,0,1,1,2,1,0,0,2,0
33,35,45,2,0,0,0,1,1,1,2,0,0,2,2,0,1,0,1,1,1,2,0
51,20,29,0,0,3,2,1,1,1,2,2,1,1,1,2,2,0,0,1,1,0,1
44,8,45,0,0,4,1,0,1,0,1,1,1,0,0,2,1,0,0,1,1,0,0
27,30,44,2,1,4,0,1,1,1,2,1,1,2,2,1,1,2,2,1,0,2,0
32,16,45,0,1,3,0,1,1,1,0,1,1,0,0,0,1,2,2,1,2,0,0
26,16,45,0,0,4,2,0,1,1,0,1,1,0,0,1,1,1,1,1,1,0,1
37,20,23,0,0,3,2,0,1,0,1,0,0,0,0,2,2,1,0,1,1,1,0
27,35,19,2,1,3,0,1,1,1,0,1,1,1,3,2,0,0,0,1,0,1,0
29,37,35,0,0,4,4,1,0,1,2,1,1,0,0,0,0,1,1,0,0,1,0
31,39,26,0,1,3,4,0,1,0,0,1,1,0,0,1,1,1,2,0,2,1,0
32,39,44,0,0,0,4,0,1,0,0,1,1,0,0,1,1,2,2,2,2,2,0
26,35,22,0,1,0,1,0,1,0,0,0,0,0,0,0,1,1,0,1,1,2,0
29,37,45,0,1,4,1,0,1,0,1,0,0,0,0,1,1,1,2,1,1,0,0
43,37,44,0,1,4,5,0,0,0,0,1,1,0,4,0,1,1,2,1,0,0,0
31,20,7,2,1,3,0,1,1,1,2,1,1,2,2,1,1,0,0,1,1,2,0
31,10,45,0,1,3,1,0,1,0,0,1,1,0,0,1,1,1,1,1,1,0,0
41,16,44,0,1,4,4,0,1,1,0,1,1,0,1,0,0,1,1,0,0,0,0
26,20,45,0,0,2,1,0,1,2,1,1,0,0,0,1,1,1,2,1,0,0,0
31,20,45,0,1,2,4,0,1,0,1,0,0,2,0,1,1,2,2,0,0,2,0
25,35,45,0,0,3,4,0,1,0,1,1,1,0,1,2,1,1,0,1,0,0,0
25,20,44,0,0,0,2,0,1,1,0,1,1,0,1,2,0,0,0,1,0,1,0
25,20,45,0,1,2,2,0,0,1,0,1,1,0,0,2,0,0,0,1,0,1,0
41,39,44,0,0,4,2,0,0,2,2,2,2,2,0,0,0,1,1,1,2,1,1
26,39,7,0,1,1,4,0,1,2,0,1,0,0,0,0,1,1,1,0,0,2,0
30,20,45,2,0,0,0,1,1,1,2,1,1,2,2,0,0,1,1,0,0,0,0
32,39,44,0,0,4,2,0,1,1,0,1,1,0,0,0,1,0,0,1,1,0,1
29,33,45,0,1,2,3,1,0,2,2,2,0,2,0,0,1,1,0,0,2,0,0
28,39,28,0,0,4,4,0,1,1,1,1,1,0,2,0,0,1,1,1,1,0,0
34,39,7,0,0,0,4,0,1,0,1,0,0,0,2,1,1,1,2,1,1,0,0
25,8,7,0,0,3,2,0,1,2,2,1,0,0,0,0,1,1,2,1,0,0,0
43,33,45,0,1,2,5,1,1,2,2,1,2,0,0,1,1,1,2,1,1,0,0
42,20,45,0,1,3,2,1,1,2,2,2,2,2,4,0,1,1,1,0,2,0,0
42,20,45,0,0,3,0,1,1,1,2,1,1,0,2,0,1,0,0,1,0,0,0
24,20,45,0,0,2,2,0,1,2,2,2,1,0,0,1,1,1,2,1,1,0,0
39,20,45,0,1,1,5,0,1,2,0,1,0,0,0,2,1,1,1,1,0,1,1
30,20,44,0,0,3,2,0,1,1,0,1,1,0,1,2,0,1,0,1,0,1,0
26,8,45,0,1,3,2,1,1,0,0,1,1,0,0,0,1,0,0,1,1,0,0
37,20,45,0,1,3,1,0,1,0,1,0,0,0,0,0,1,1,1,1,1,0,0
31,20,45,2,1,3,0,1,1,1,0,1,1,2,1,1,1,2,2,0,0,2,0
33,20,45,0,1,0,5,0,1,1,0,1,1,0,0,2,1,0,0,1,0,1,0
29,20,45,0,1,0,1,0,1,2,2,2,2,0,0,1,1,1,2,1,0,2,0
30,39,7,0,0,0,2,0,0,1,0,1,1,0,0,1,1,1,2,1,1,1,0
35,20,28,0,1,0,1,0,1,2,0,1,1,2,0,2,1,0,0,1,0,0,0
28,20,45,0,1,2,5,0,1,2,2,0,0,0,0,0,1,1,0,1,1,1,0
26,20,45,0,0,4,5,0,1,0,1,0,0,0,0,1,1,1,2,1,1,0,1
38,20,45,0,1,2,5,0,0,2,2,2,2,2,2,2,1,0,2,1,2,0,0
30,10,45,0,1,3,2,0,1,2,2,2,0,2,4,1,1,1,0,1,1,2,0
29,39,17,0,1,3,2,0,1,0,0,1,1,0,4,0,1,1,1,0,0,0,0
40,39,45,0,1,3,5,0,1,2,1,2,0,0,1,0,1,1,1,1,0,0,1
30,20,21,0,0,3,2,1,1,1,0,0,1,0,3,0,0,1,0,1,1,1,0
30,39,45,0,1,0,1,0,1,0,0,1,0,0,4,1,1,1,2,1,0,0,0
29,20,45,0,0,0,5,0,1,2,1,2,0,0,2,1,1,1,2,1,1,0,0
26,20,9,0,0,1,4,0,1,1,0,1,1,1,3,2,1,0,0,1,0,2,0
30,20,45,2,0,3,2,1,1,0,1,0,0,0,0,1,1,1,1,1,2,0,0
27,20,44,0,0,0,1,0,1,2,1,1,2,0,2,1,1,2,2,0,0,2,0
27,39,34,0,0,0,4,0,1,1,0,1,1,2,0,2,1,0,0,1,0,0,0
30,20,42,0,1,3,2,0,1,0,0,1,1,1,3,2,2,0,0,1,1,1,0
37,8,45,0,1,3,5,0,0,2,2,2,2,2,2,1,1,1,1,1,0,2,0
28,20,45,0,0,3,5,0,1,1,2,1,1,2,3,2,1,0,1,1,1,1,0
37,20,45,0,1,2,1,0,0,2,2,2,2,0,2,0,0,1,2,0,0,0,0
20,20,16,0,0,2,2,0,0,1,0,1,1,0,3,2,2,1,0,1,0,1,0
32,8,45,0,0,3,2,0,1,2,2,2,2,2,2,0,1,1,2,1,0,2,0
18,20,45,0,0,2,0,1,1,1,0,1,1,2,4,1,1,1,0,1,1,0,0
30,20,45,0,1,0,1,0,1,2,0,0,2,0,3,2,2,1,0,0,0,1,0
23,20,45,0,1,3,2,1,0,0,0,1,0,2,2,0,1,1,1,1,2,2,0
34,10,44,0,0,3,5,0,0,1,2,1,2,2,1,0,0,1,2,1,0,1,1
23,20,7,1,0,0,2,0,1,0,0,0,0,0,0,1,1,2,2,0,0,2,0
37,20,7,0,1,2,5,0,0,2,2,2,2,0,0,0,0,1,1,1,1,0,0
29,20,17,0,0,4,4,0,1,0,1,1,1,0,2,1,1,1,2,0,2,0,0
33,10,41,0,1,2,5,0,1,2,2,1,2,2,0,0,1,1,0,1,2,0,0
23,35,21,0,0,2,2,0,1,1,2,2,1,0,0,1,1,2,1,1,0,0,0
26,35,45,0,0,3,2,1,1,0,0,1,0,0,0,0,1,1,0,0,0,0,1
33,16,45,0,0,4,2,0,1,0,0,0,0,0,0,2,1,1,0,1,0,0,0
29,20,44,0,0,4,2,0,1,0,0,0,0,0,0,1,1,1,2,0,0,2,0
30,37,45,0,1,2,4,0,1,1,2,1,1,0,0,1,1,0,0,1,1,0,0
30,10,45,0,1,4,5,1,1,0,1,1,0,0,0,0,0,1,1,1,0,0,0
40,20,21,2,1,4,5,0,1,1,0,1,1,1,0,2,0,1,0,1,0,1,1
31,20,44,0,0,0,1,0,1,2,0,1,2,0,0,0,2,1,0,1,1,2,0
22,10,45,0,1,3,3,0,1,2,2,1,0,0,0,1,1,1,1,1,1,1,1
32,10,45,0,0,1,4,1,1,2,1,0,0,2,4,1,1,2,2,1,1,2,1
33,20,45,0,0,1,2,1,1,2,2,1,1,2,0,0,1,1,0,1,0,0,0
39,39,44,0,0,3,3,0,0,0,0,1,1,0,0,0,0,1,1,1,1,0,0
26,20,44,2,0,2,0,1,1,1,1,0,0,0,1,1,1,2,2,0,0,2,0
36,20,45,0,1,2,5,0,0,0,0,2,2,0,2,0,0,1,1,1,1,0,0
39,16,7,1,0,0,0,1,1,1,2,1,1,2,0,1,1,0,0,1,1,1,0
25,20,45,0,1,3,2,0,1,2,2,0,0,2,0,0,1,1,1,1,0,0,0
32,20,45,0,0,2,5,0,1,2,2,2,2,2,2,0,1,1,1,1,1,0,0
34,16,45,0,1,3,5,0,1,2,2,0,2,2,0,0,0,0,0,1,1,0,0
33,39,17,2,1,2,0,0,0,1,0,1,1,0,1,2,2,0,0,0,1,2,1
27,10,45,0,0,4,5,0,1,0,1,1,2,0,0,0,1,1,2,1,1,0,0
42,39,29,0,0,3,5,0,0,1,2,0,1,2,1,2,0,1,1,1,2,1,1
24,20,44,0,0,4,0,0,1,1,0,1,1,0,0,2,1,1,1,1,2,1,0
45,20,44,0,1,2,1,0,0,0,0,1,1,0,0,0,1,1,0,1,0,0,0
28,39,44,2,0,4,0,1,1,1,2,1,1,2,4,0,0,0,0,1,1,2,0
33,20,45,0,0,4,1,0,1,1,0,1,1,0,0,0,1,1,2,1,1,1,0
27,20,45,0,0,4,2,1,1,0,1,1,0,0,4,1,1,2,2,0,0,2,0
28,20,45,0,1,3,2,0,0,2,0,1,1,0,0,0,0,1,1,1,1,2,0
41,10,45,0,1,2,3,1,1,2,2,2,2,2,4,0,0,1,1,1,1,2,0
49,20,45,0,1,3,5,0,1,2,2,1,2,2,1,2,0,0,0,1,0,1,1
25,20,45,0,1,0,4,1,1,0,0,2,0,0,0,2,1,1,2,1,1,1,0
29,20,41,0,0,2,4,0,1,1,2,1,1,2,4,1,1,1,2,1,1,2,0
35,10,21,0,0,2,0,0,1,0,0,1,1,1,0,0,1,1,0,1,0,1,0
26,20,44,0,1,3,4,0,1,1,0,1,1,0,0,0,0,0,0,1,0,1,0
31,20,0,0,0,2,1,0,1,2,2,2,2,0,2,1,1,2,2,2,2,1,0
32,39,45,0,0,2,0,1,1,1,2,1,1,0,3,1,1,1,2,1,0,2,0
24,20,45,0,0,0,4,0,1,2,1,1,0,0,4,0,1,1,0,0,0,2,0
32,20,45,0,1,1,1,0,1,1,2,1,1,0,3,2,1,2,2,1,2,1,0
26,20,44,2,0,1,0,1,1,1,0,1,1,0,0,2,1,0,0,1,0,0,0
28,37,17,0,0,0,4,1,1,0,0,0,0,0,4,1,1,1,1,0,2,2,0
30,39,21,0,0,2,1,0,1,1,2,2,2,0,2,2,1,1,0,1,1,1,1
22,10,28,0,0,1,4,0,1,1,0,1,1,0,0,1,1,0,1,1,2,0,0
33,20,45,0,0,3,4,1,1,1,2,1,1,2,1,1,1,2,2,2,2,0,0
46,20,45,0,1,1,2,0,1,0,0,1,1,0,0,0,1,1,0,1,1,1,0
38,20,10,0,0,4,2,1,1,1,2,1,1,2,2,1,1,2,2,0,2,1,0
41,16,45,0,1,0,3,1,0,0,0,1,1,0,0,0,1,0,0,1,1,0,0
22,20,5,2,0,0,4,1,1,0,0,1,1,0,2,1,1,2,2,0,1,0,0
32,39,17,2,0,3,0,1,1,1,2,1,1,2,2,1,1,1,1,0,0,1,0
32,39,44,0,1,3,4,1,1,2,0,1,1,0,0,1,1,2,2,0,0,2,0
26,39,3,0,0,0,4,0,1,2,0,1,1,1,2,0,1,0,0,1,1,0,0
35,10,45,0,0,3,1,0,1,1,2,1,1,0,0,2,0,0,0,1,0,1,0
31,20,45,0,1,3,2,0,1,2,2,1,0,0,2,0,1,1,2,0,2,0,0
54,16,45,0,1,0,5,0,1,0,0,2,2,0,0,1,1,0,2,1,1,0,0
42,20,29,0,0,0,3,0,1,0,1,1,1,0,0,1,1,1,2,0,0,0,0
37,10,45,1,0,1,4,0,1,2,1,1,2,2,2,1,1,1,2,1,0,2,0
33,9,45,0,0,4,4,0,1,1,0,1,1,0,1,0,1,1,1,1,1,0,0
40,20,45,0,1,3,4,0,1,2,2,1,1,2,0,0,1,1,0,1,1,2,0
57,20,45,0,0,3,5,0,1,2,1,2,2,0,0,0,0,0,0,1,0,0,0
46,33,45,0,0,4,1,1,1,1,2,1,1,0,0,2,1,0,0,1,1,1,0
29,20,45,0,0,4,5,0,0,0,1,2,0,2,2,1,1,1,2,1,0,2,0
34,39,45,0,0,3,0,0,1,1,0,1,1,0,0,2,1,0,0,1,2,0,0
22,16,20,0,0,0,5,0,1,0,1,1,1,0,3,2,0,0,0,0,0,1,0
43,20,45,2,1,1,4,1,1,2,2,1,1,2,4,1,1,2,2,0,0,2,0
27,20,45,0,1,0,3,0,1,2,0,2,2,2,0,2,1,1,0,1,2,0,0
34,16,45,0,0,3,1,0,1,0,0,2,0,2,0,0,1,1,0,1,1,0,0
27,20,44,0,0,4,4,0,1,1,0,1,1,0,0,1,1,1,2,1,2,0,0
31,20,45,0,0,0,3,0,1,2,2,2,2,2,2,1,1,1,2,1,1,2,0
42,39,21,0,0,0,2,0,1,1,2,1,1,1,1,2,2,1,1,1,1,1,0
26,33,20,2,0,3,4,0,0,1,0,1,1,0,2,0,0,1,1,1,1,0,0
33,20,45,0,1,3,0,0,0,1,2,1,1,0,0,1,1,1,2,0,0,0,0
26,8,45,0,0,3,1,1,1,0,1,0,0,0,1,1,1,1,1,1,1,2,0
28,20,45,0,1,4,1,0,1,2,0,1,0,2,2,1,1,1,2,1,0,2,1
34,20,45,2,0,2,0,1,1,1,0,1,1,0,0,0,1,1,0,1,1,0,0
32,39,45,0,0,2,0,1,1,1,2,1,1,0,3,0,1,2,1,1,2,0,0
23,10,45,0,0,3,5,0,1,2,2,2,2,0,0,1,1,1,1,1,1,2,0
43,39,45,0,0,4,5,0,0,2,2,0,2,2,0,1,1,1,2,1,0,0,0
30,10,45,0,0,0,5,0,1,2,2,2,2,2,2,0,0,0,1,1,1,0,0
23,10,44,0,1,3,4,0,1,1,2,1,2,2,4,1,1,2,2,0,0,2,0
30,37,45,2,1,3,4,1,1,0,1,1,0,0,3,2,1,0,0,1,0,0,0
34,20,28,0,0,2,4,0,1,0,1,0,0,0,2,1,1,1,1,1,0,2,0
24,20,15,0,0,4,2,0,1,1,0,2,1,0,0,0,1,2,1,1,1,0,0
32,37,45,0,0,0,4,0,1,2,2,2,2,0,2,1,1,2,2,1,0,2,0
23,10,45,0,1,1,5,0,1,2,1,0,1,0,0,0,1,1,1,1,1,2,1
30,20,45,0,0,4,5,0,0,2,0,2,2,0,0,2,0,0,0,1,1,0,0
24,20,45,0,0,4,5,0,1,2,2,0,0,2,0,2,1,0,0,1,0,0,0
26,16,46,0,0,4,2,1,1,0,0,0,1,0,0,1,1,1,0,1,2,0,0
33,8,45,2,1,3,0,0,1,1,2,2,2,2,3,1,1,1,2,1,2,2,0
34,39,45,0,0,3,2,1,1,0,1,1,0,0,1,1,1,1,0,1,1,1,0
46,20,45,0,0,2,3,1,1,2,1,2,2,2,0,1,1,1,2,1,0,2,0
35,20,45,0,0,2,4,0,1,1,0,1,1,2,0,1,1,1,2,1,1,0,0
24,35,45,0,1,1,4,0,1,2,2,1,1,2,4,1,1,1,2,1,2,1,1
23,16,45,0,0,0,1,0,0,0,0,0,0,0,0,0,1,1,1,0,0,0,0
24,20,44,0,0,2,1,0,1,0,1,2,0,0,4,0,0,1,1,1,0,0,0
33,16,45,2,0,4,0,0,1,0,0,1,1,0,0,1,1,2,2,1,0,0,0
54,39,44,2,1,3,0,1,1,0,1,1,1,0,4,1,1,1,2,2,2,0,1
23,10,45,0,0,4,4,0,1,0,0,1,0,0,0,0,0,1,2,1,0,2,0
33,20,17,0,0,3,4,0,1,2,2,1,1,2,4,2,2,1,1,1,0,1,0
32,20,44,0,0,4,4,0,1,1,0,1,1,0,0,0,0,0,0,1,0,0,0
31,20,5,2,0,4,0,0,1,1,2,1,1,1,0,1,1,2,2,1,0,0,0
30,16,45,0,0,2,1,0,0,0,1,1,1,0,0,1,1,1,1,1,1,0,0
38,20,44,0,0,4,2,0,1,1,0,1,0,2,2,1,1,1,2,0,2,2,0
36,20,45,0,0,0,0,1,1,0,1,0,0,0,4,1,1,1,1,1,1,0,0
29,33,45,0,0,0,2,0,1,2,2,2,1,2,0,0,1,1,1,1,0,0,1
32,39,17,2,0,0,0,1,1,1,0,1,1,0,0,1,1,1,2,1,0,0,0
30,39,28,0,0,4,2,0,1,0,0,0,0,2,2,1,1,1,1,1,1,2,0
32,33,45,0,0,3,1,0,0,2,2,0,0,2,4,1,1,2,2,1,2,2,0
31,16,45,0,0,0,5,0,1,2,0,1,2,0,0,1,1,1,1,1,1,0,0
27,20,45,0,0,0,2,0,1,0,1,0,0,0,0,1,1,2,2,0,0,0,0
32,39,44,0,1,2,4,0,0,1,0,1,1,1,0,2,0,1,0,1,1,1,0
40,20,45,0,1,3,4,0,1,2,2,0,0,2,4,0,1,1,1,1,1,0,0
31,10,45,0,1,1,2,0,1,1,0,1,1,1,3,2,1,0,0,1,2,1,1
37,39,45,0,0,4,3,1,1,2,0,1,1,0,0,2,1,1,0,0,2,1,0
35,20,45,0,0,4,5,1,1,2,1,0,2,0,1,2,2,1,0,1,0,0,0
30,37,17,0,0,4,2,0,1,0,0,1,0,2,2,1,1,1,0,0,0,0,0
34,37,45,0,1,0,4,1,1,2,0,1,1,0,0,0,1,0,0,1,1,0,0
45,20,45,0,0,4,5,0,0,2,2,2,2,0,0,1,1,1,1,1,1,2,0
31,39,45,0,1,3,5,0,1,2,1,0,0,0,2,0,1,0,1,1,2,1,0
32,20,45,2,1,3,0,1,1,2,2,0,0,0,3,2,0,1,0,1,1,1,0
25,20,39,0,1,1,4,0,0,0,0,1,1,2,0,1,1,1,2,1,0,1,1
24,39,21,0,1,4,0,0,1,1,0,1,1,0,0,0,0,0,0,1,1,0,0
29,39,45,0,0,2,4,0,1,2,2,1,1,0,0,0,1,1,0,1,0,0,0
26,39,15,0,0,0,4,0,1,1,2,1,1,0,0,0,1,2,2,0,0,1,0
33,39,45,0,1,2,2,0,1,2,1,0,2,2,0,1,1,2,2,1,2,0,0
35,16,45,0,1,1,5,0,0,2,2,1,2,0,2,2,1,0,1,1,2,0,0
-1,44,45,2,1,1,0,1,1,2,2,2,2,2,4,2,2,2,2,2,2,2,1
22,8,45,0,1,1,5,0,1,0,1,1,0,0,0,2,2,0,0,1,1,0,0
25,20,45,0,0,1,4,1,1,0,0,1,1,0,2,0,1,1,0,1,0,0,0
35,20,45,0,1,4,5,0,1,2,0,2,2,2,4,1,1,1,2,1,1,0,0
38,20,44,2,1,2,0,1,0,1,0,1,1,2,3,0,1,0,0,1,1,1,0
25,20,45,0,0,2,4,1,1,1,2,1,0,0,2,0,1,0,1,1,0,0,0
25,20,17,0,1,1,2,1,1,1,0,1,1,2,2,1,1,2,2,1,2,1,0
37,39,45,2,0,4,4,1,1,2,2,2,1,2,2,1,1,2,2,0,0,2,0
27,20,45,0,1,3,1,0,1,0,1,1,0,0,0,2,1,0,0,1,2,0,0
43,20,7,2,0,4,4,1,1,1,1,1,1,0,2,0,1,2,2,2,2,0,0
36,39,44,2,0,3,4,1,1,1,0,1,1,0,1,1,1,2,2,1,0,0,1
38,20,44,0,0,3,5,0,0,0,1,0,0,0,3,2,1,0,0,1,0,1,0
23,16,7,0,1,3,4,0,1,2,2,1,1,2,4,1,1,2,2,1,1,2,0
29,20,45,0,0,0,5,0,0,2,1,1,0,0,0,0,1,1,1,1,1,0,0
35,20,45,0,1,3,2,1,1,2,2,1,0,0,0,0,0,1,0,1,0,1,0
28,20,44,0,0,4,1,0,0,1,1,1,2,2,2,1,1,1,1,0,0,2,0
46,39,45,2,1,3,0,1,1,2,1,2,0,2,4,1,1,2,2,1,2,2,1
35,10,45,0,1,3,4,1,1,0,0,1,1,0,2,1,1,2,1,1,1,2,0
31,39,44,0,1,0,4,0,1,0,1,1,0,0,2,1,1,1,1,1,1,0,0
30,20,45,0,0,4,5,1,1,2,0,2,2,0,0,2,0,0,0,1,1,0,0
38,33,45,0,1,3,2,0,0,2,1,1,0,0,0,0,1,0,0,1,1,0,0
23,20,45,0,0,2,1,0,1,2,1,0,0,0,0,1,1,1,1,1,1,2,0
26,10,33,0,0,3,2,1,1,0,1,2,2,2,4,1,1,2,2,0,2,2,0
30,20,45,0,0,4,5,0,1,2,2,2,2,2,4,1,1,1,2,1,1,2,0
38,39,45,0,1,3,5,0,0,2,2,2,2,2,0,0,1,1,0,1,0,1,1
28,39,45,0,0,2,1,0,0,2,2,2,0,0,4,0,1,1,1,1,1,2,0
33,20,28,0,1,4,4,0,1,0,0,1,0,0,0,1,1,2,2,0,0,2,1
32,20,44,0,0,4,4,0,1,1,0,1,1,0,0,2,1,0,0,1,2,1,0
21,20,45,0,1,2,1,0,1,2,0,1,0,2,0,1,1,2,2,0,0,0,0
23,20,45,0,1,3,2,0,1,2,1,2,2,2,2,1,1,0,0,1,0,0,0
33,20,44,2,0,0,1,0,0,1,1,1,1,0,4,1,1,2,1,1,2,1,0
53,20,45,0,0,2,4,1,1,2,2,1,2,0,0,0,0,1,0,1,1,0,0
26,20,45,0,0,2,5,0,1,2,1,0,0,0,0,1,1,1,1,1,0,1,0
21,20,44,0,0,3,5,0,0,0,0,1,0,0,0,0,1,1,0,1,1,0,0
25,16,45,0,1,4,5,0,1,2,2,2,2,2,4,1,1,1,2,0,2,2,0
36,20,45,0,1,3,5,0,1,2,0,1,2,0,1,2,1,1,2,1,2,1,0
32,39,44,0,1,3,0,0,0,2,2,2,2,2,2,0,0,1,1,1,0,1,0
28,20,45,0,0,4,2,1,1,0,0,1,1,0,0,0,1,1,0,1,1,0,0
27,20,44,0,0,4,4,0,1,1,0,1,2,2,0,0,1,2,1,1,2,2,0
34,39,45,0,1,1,1,0,1,2,2,1,1,2,4,1,1,2,2,0,0,0,0
27,20,5,0,0,2,4,0,1,1,2,1,1,0,2,0,1,1,1,1,0,1,0
26,20,7,0,1,1,2,1,1,0,0,0,0,0,4,1,1,2,2,1,1,2,0
28,20,45,0,0,3,2,1,0,0,1,1,0,0,0,1,1,1,2,1,0,0,0
23,20,22,0,0,4,1,0,1,0,1,1,1,2,4,0,1,1,2,0,2,0,0
29,20,45,0,0,4,5,0,0,0,1,0,0,0,0,1,1,2,2,1,1,1,0
55,16,45,0,1,3,0,1,1,1,2,1,0,0,0,2,0,0,0,1,1,1,1
45,16,45,0,0,0,2,1,1,2,2,0,0,0,0,0,1,0,1,1,0,0,0
21,39,45,0,1,0,5,0,1,0,1,0,0,0,0,1,1,1,1,1,0,0,1
33,20,45,0,0,0,5,0,1,0,1,2,0,0,0,0,1,1,1,1,0,2,0
29,20,45,0,0,0,2,0,1,1,0,1,0,0,0,1,1,1,2,1,2,1,1
35,39,17,2,0,3,2,1,0,0,0,1,1,0,1,2,0,2,0,1,0,0,0
38,35,45,0,0,4,2,0,1,2,2,1,1,2,0,0,0,0,0,1,1,1,0
38,20,44,0,0,4,0,1,1,1,0,1,1,2,2,1,1,1,2,1,1,0,0
35,20,45,0,0,0,2,0,1,2,0,2,0,0,0,1,1,1,1,0,0,2,0
28,39,45,0,0,4,5,0,1,0,0,1,0,0,0,0,1,1,0,1,0,0,0
23,20,20,0,0,4,4,0,1,1,0,1,1,0,0,1,1,1,2,0,0,1,0
35,20,45,2,1,4,4,1,1,1,0,2,2,0,4,1,1,2,2,1,0,2,0
27,39,45,0,0,4,5,0,1,2,1,0,0,2,0,0,0,0,0,1,0,1,0
32,16,45,0,0,4,3,0,1,0,0,1,0,0,0,1,1,1,1,1,1,0,0
34,39,44,2,0,3,0,1,1,1,0,1,1,2,1,1,1,1,1,1,1,2,0
34,20,21,0,1,0,0,1,1,1,0,1,1,0,0,0,1,1,2,1,1,0,0
40,20,43,2,0,0,4,0,1,1,0,1,1,2,4,1,1,1,2,0,0,2,0
54,20,44,0,0,3,5,1,0,1,2,2,2,2,4,1,1,2,2,0,0,1,0
27,20,15,0,1,4,3,0,0,2,2,0,1,2,2,0,0,0,1,1,0,0,1
27,20,7,0,0,0,2,0,1,2,1,2,1,2,4,1,1,2,2,0,0,2,0
34,35,44,0,1,1,2,1,0,2,2,1,2,1,2,2,2,1,0,1,1,0,0
29,39,6,1,0,0,1,1,1,0,1,1,1,0,0,1,1,2,2,2,2,0,0
48,16,44,0,0,4,2,0,1,0,0,1,1,0,0,0,0,0,0,1,1,1,0
25,16,45,0,0,3,5,0,1,2,2,2,0,2,0,2,1,0,0,1,1,2,0
32,10,7,0,0,1,5,0,0,0,1,0,0,0,0,0,1,1,1,1,1,0,0
27,20,7,0,1,3,0,0,1,1,2,1,1,2,3,0,1,1,0,1,1,2,0
42,39,45,0,0,4,4,0,1,1,2,1,1,0,3,0,1,2,2,1,0,1,0
30,36,17,0,1,3,1,0,1,0,1,1,1,0,1,1,1,2,2,0,0,1,0
23,20,45,0,0,4,2,0,1,0,0,0,1,0,0,1,1,2,2,1,0,0,0
32,20,44,2,1,3,0,1,1,0,1,0,0,0,4,0,0,2,1,0,0,0,1
50,20,45,2,0,0,0,1,1,1,2,1,1,2,2,1,1,1,2,1,0,2,0
24,20,45,0,1,3,1,0,1,1,2,1,1,0,1,2,1,1,1,1,0,1,1
23,39,7,0,0,3,4,0,1,2,0,1,1,0,2,0,0,1,1,1,1,0,0
28,3,44,0,1,2,1,0,1,1,1,1,1,2,1,2,2,1,1,2,1,1,1
40,37,8,2,0,3,0,1,1,1,2,1,1,0,2,1,1,1,1,0,0,0,0
35,20,7,0,1,3,2,0,1,0,0,1,1,0,0,0,0,1,1,1,1,1,0
27,33,44,0,0,3,4,1,1,0,1,2,0,2,4,1,1,2,2,0,0,2,0
26,39,0,0,1,2,2,0,1,1,0,0,0,0,4,1,1,2,2,0,2,2,0
25,20,44,0,1,3,5,0,0,2,2,2,2,2,4,1,1,2,2,2,2,2,0
25,20,45,0,1,3,2,0,1,0,1,1,1,0,4,0,1,1,0,1,1,0,1
29,20,44,0,0,3,4,1,1,1,0,1,1,0,4,1,1,2,2,1,2,2,0
42,20,45,0,0,0,4,1,1,1,2,1,2,0,2,1,1,1,2,1,1,2,0
32,39,45,0,1,3,1,0,1,2,2,2,2,0,0,2,1,1,0,1,1,0,0
46,16,45,0,0,0,2,0,1,2,1,2,0,0,4,1,1,1,1,0,0,0,0
24,16,44,2,1,1,0,1,1,0,1,1,1,0,0,0,1,1,1,1,0,0,0
29,35,45,1,1,2,2,0,1,2,1,1,1,0,2,1,1,2,1,0,0,0,0
35,20,44,0,1,3,0,0,1,1,2,1,1,2,4,2,2,1,1,1,0,2,1
25,20,45,0,0,2,4,0,1,2,0,0,1,0,0,0,1,0,0,1,1,0,0
36,8,45,0,0,0,4,1,1,2,0,1,1,0,0,0,0,1,1,1,1,1,0
24,39,45,0,0,0,2,0,0,0,1,1,1,0,0,0,2,1,0,1,0,1,0
50,39,15,2,0,3,2,1,1,1,0,1,1,0,0,0,0,1,2,1,1,0,0
39,20,45,0,1,3,5,0,1,2,0,2,2,0,0,0,0,1,2,0,0,0,1
39,20,45,0,1,3,3,0,1,2,2,2,2,2,3,0,1,1,2,1,1,0,0
28,39,45,0,0,2,4,0,1,0,0,1,1,0,0,1,1,1,1,1,0,0,0
33,20,45,0,0,4,4,1,1,0,0,1,1,0,4,1,1,2,2,1,0,0,0
23,20,44,0,0,2,4,0,1,1,2,1,1,0,0,1,1,2,2,1,0,0,0
30,16,45,0,0,1,0,0,1,1,2,1,1,2,2,1,1,2,2,0,0,2,0
26,16,45,0,1,3,5,0,1,2,0,2,0,0,1,2,0,0,0,1,0,1,0
23,8,45,0,0,4,5,0,0,0,1,0,0,2,0,0,0,1,1,1,1,0,0
37,10,45,0,1,2,2,0,0,2,2,2,2,0,0,0,0,2,1,1,0,2,0
46,20,45,0,0,1,2,1,1,2,2,1,1,0,0,0,1,1,2,1,0,1,0
33,16,45,0,1,3,2,0,1,0,1,1,1,0,0,0,1,1,1,1,1,0,0
31,20,45,0,0,4,2,0,0,2,2,2,2,2,0,1,1,2,2,1,1,0,0
26,39,44,0,0,4,2,0,1,1,0,1,1,0,2,1,1,1,1,1,1,0,0
32,20,45,0,1,3,5,0,1,2,0,2,0,0,0,0,1,2,2,1,1,0,0
42,20,45,2,0,2,4,1,0,1,2,1,1,0,4,1,1,1,2,0,0,2,0
39,10,45,0,0,3,4,1,1,1,0,1,1,0,0,0,0,1,1,1,0,1,0
35,20,45,0,0,4,2,0,0,0,1,1,0,0,0,1,1,2,2,1,1,1,0
24,8,45,0,1,2,4,0,1,1,0,1,1,0,4,2,1,0,1,1,2,2,0
39,16,45,0,0,4,0,1,1,1,2,1,1,0,3,0,0,1,2,0,0,1,0
31,16,7,2,0,4,4,0,1,2,2,1,0,2,4,1,1,1,1,1,1,2,0
37,20,21,0,0,3,0,0,1,1,2,1,1,0,3,2,1,0,0,1,2,0,0
39,16,45,0,1,3,4,1,1,1,2,1,1,2,2,1,1,1,2,0,2,2,0
28,10,45,0,0,2,4,0,1,2,0,1,1,0,2,2,2,1,0,1,1,1,1
18,47,36,0,0,4,2,1,1,2,2,1,1,2,2,1,1,2,2,2,2,0,0
31,20,44,0,0,2,4,0,1,0,1,1,1,0,0,1,1,1,2,1,1,0,0
31,10,45,0,0,4,2,1,0,0,0,0,0,0,0,0,1,1,0,1,0,0,0
31,10,45,0,1,0,5,0,0,2,1,1,0,0,0,2,2,0,0,1,1,0,0
25,20,7,0,0,4,1,0,0,0,1,1,1,0,0,1,1,1,1,1,2,1,0
37,20,15,0,0,4,1,0,1,1,0,1,1,0,2,0,0,1,1,1,0,1,0
31,20,45,0,0,4,2,0,1,0,1,1,1,0,0,1,1,1,2,0,0,1,0
27,35,45,0,0,3,2,0,1,0,1,1,1,0,1,0,0,1,1,1,1,0,0
33,20,45,0,1,4,3,0,1,2,0,0,0,0,4,1,1,2,2,2,2,2,0
36,20,45,0,0,0,4,0,1,0,1,0,0,0,0,1,1,1,1,0,0,0,0
19,20,44,0,0,4,0,0,1,1,2,1,1,1,1,2,1,0,0,1,0,1,0
37,20,45,0,0,3,1,0,1,2,0,1,2,2,4,1,1,0,2,1,1,2,0
39,37,42,0,0,0,5,0,1,2,2,2,2,2,2,1,1,1,1,1,0,2,0
41,39,45,0,1,1,5,0,1,2,0,1,1,0,0,0,0,1,1,1,1,0,1
34,16,45,0,1,4,5,0,1,2,1,0,0,0,0,0,1,1,1,1,0,0,1
23,20,45,0,0,1,2,0,0,2,2,2,1,2,2,1,1,1,2,1,0,2,0
23,39,44,0,1,4,0,1,1,0,0,1,1,0,0,1,1,1,2,0,2,0,0
23,35,45,0,1,0,1,0,0,2,0,0,0,2,0,1,1,1,2,0,0,2,0
37,20,7,0,1,1,2,0,1,2,2,1,0,0,0,0,1,1,1,1,2,0,0
30,20,45,2,1,1,0,1,1,1,2,1,1,2,4,1,1,2,2,1,1,2,0
31,20,33,2,0,1,4,1,1,1,0,1,1,0,2,0,1,1,0,1,1,0,0
24,16,45,0,0,4,5,0,1,0,1,0,0,0,0,0,0,1,1,1,1,2,0
27,20,7,0,0,2,4,0,0,2,2,2,2,2,4,0,1,1,2,1,1,0,0
30,20,44,0,0,1,2,0,1,1,0,1,1,2,2,1,1,1,2,1,0,2,0
34,39,45,0,1,3,5,0,1,2,2,1,1,0,1,2,2,0,0,1,1,1,0
23,20,45,0,1,3,4,0,1,1,2,1,1,0,4,1,1,1,2,0,0,2,0
33,37,31,0,1,4,2,0,1,2,2,1,1,0,4,1,1,1,2,1,1,0,0
29,16,45,0,0,4,5,0,1,0,1,1,0,0,0,0,1,0,0,1,0,0,0
34,35,45,0,0,3,1,1,1,2,2,1,0,0,2,0,1,1,2,1,1,2,0
26,20,27,0,0,1,2,0,1,1,2,1,1,2,3,1,1,2,2,2,2,0,0
26,20,45,0,0,0,5,0,0,2,2,1,0,0,1,0,1,0,2,1,1,0,0
34,20,28,0,0,2,2,0,1,1,2,1,1,2,4,1,1,2,2,0,0,2,0
27,20,44,0,0,4,4,0,1,1,0,1,1,0,0,1,1,1,1,1,1,0,0
29,16,44,0,0,2,1,0,1,0,1,1,1,0,2,1,1,1,2,1,0,0,1
35,20,45,0,1,3,0,0,0,1,2,1,1,2,0,1,1,1,2,1,1,2,0
21,20,44,2,0,1,0,1,0,1,2,1,1,2,3,2,1,1,2,1,0,1,0
39,10,44,0,0,3,5,0,1,2,2,1,2,0,0,2,1,1,1,1,0,1,1
37,39,0,0,1,3,2,0,1,1,2,1,1,2,4,1,1,1,2,1,0,2,1
44,16,45,2,0,0,0,1,1,0,0,1,1,2,1,1,1,0,0,1,1,0,0
24,20,45,0,1,3,2,1,1,0,0,1,1,0,0,1,0,1,2,2,2,1,0
30,32,45,2,1,1,0,1,0,1,2,1,2,2,1,1,1,2,2,1,1,2,0
32,20,44,2,1,4,0,0,1,1,2,1,1,2,2,1,1,0,2,1,0,1,0
29,20,45,0,1,3,5,1,0,2,2,1,2,2,4,0,1,1,0,1,1,2,0
35,20,45,0,0,4,2,1,1,0,1,1,0,0,0,1,1,1,2,0,0,0,0
29,39,33,0,0,2,0,0,1,1,0,1,1,1,1,1,0,1,0,1,1,2,0
34,20,44,0,0,0,3,0,1,0,0,1,0,0,4,0,1,2,2,1,1,2,0
43,39,15,0,0,4,1,0,1,0,0,1,1,0,0,1,1,1,2,0,0,0,0
35,20,45,0,1,2,4,0,1,2,1,1,1,2,2,1,1,1,2,1,1,0,0
28,39,17,0,0,0,2,0,1,1,0,1,1,0,2,1,1,1,1,2,2,0,0
21,20,44,0,0,3,4,0,0,0,1,1,1,1,4,2,1,1,0,1,0,1,0
37,10,45,0,1,1,2,0,1,2,2,1,1,2,0,0,1,1,1,1,2,0,0
25,20,30,0,0,4,4,0,1,1,0,1,1,0,0,0,1,2,2,1,2,0,0
35,20,13,2,1,1,0,0,1,1,2,2,1,0,2,1,1,1,1,0,2,2,0
38,16,45,0,0,0,5,1,1,1,2,1,1,1,3,2,2,0,0,1,1,0,0
40,20,45,0,1,3,5,1,1,2,2,2,2,2,3,2,1,1,1,1,0,0,1
28,20,44,0,0,4,2,0,1,0,1,1,1,0,0,1,0,1,2,0,2,0,0
25,42,45,0,1,3,5,0,1,2,2,0,0,0,0,0,1,1,1,1,1,2,0
29,20,45,0,0,4,5,0,1,0,1,1,1,0,0,0,1,1,2,0,2,1,0
31,20,45,0,0,4,2,0,1,2,0,2,1,2,2,0,1,1,1,1,0,1,0
28,20,44,0,0,4,5,0,0,0,1,1,0,0,0,1,1,1,1,2,2,1,0
31,19,23,2,1,0,4,0,1,1,0,1,1,0,2,0,0,1,1,1,0,0,0
25,20,45,0,1,4,2,0,1,0,0,0,0,0,4,1,1,1,2,1,1,0,0
31,20,45,1,0,0,1,1,1,2,0,0,0,0,0,1,1,1,2,2,2,0,0
22,20,44,0,1,3,1,0,1,2,2,1,1,2,4,1,1,1,2,0,2,2,0
42,18,45,0,0,1,5,0,1,2,2,2,2,2,2,0,0,2,2,0,0,0,0
31,16,45,0,0,4,1,1,1,0,0,0,0,0,0,0,0,1,1,0,0,0,0
29,39,33,0,1,2,4,0,1,1,2,1,1,2,3,0,1,1,1,1,2,1,0
38,20,44,0,1,3,0,0,1,1,1,0,0,0,4,1,1,1,2,0,2,0,0
33,35,45,0,0,4,1,1,1,2,0,0,1,0,0,1,1,1,2,1,1,2,0
41,20,45,2,0,1,0,1,0,1,2,2,2,2,3,1,1,1,1,1,1,2,1
34,39,44,0,1,3,5,0,1,0,1,0,0,2,4,1,1,1,2,1,0,2,0
47,8,45,0,0,4,1,1,1,0,0,1,0,0,3,2,2,0,0,1,1,1,0
28,20,45,0,1,3,5,0,1,0,0,0,0,0,2,0,1,1,0,1,0,1,0
29,16,28,0,0,0,0,1,1,1,0,1,1,2,2,1,1,2,2,1,0,2,0
37,8,45,0,0,2,5,0,1,2,2,0,2,0,2,1,1,1,2,1,1,2,0
33,33,45,0,1,3,2,1,1,1,2,1,1,0,3,2,0,1,1,1,0,1,0
25,20,44,0,0,0,4,1,1,0,1,0,0,0,4,1,1,2,2,1,1,0,0
26,20,45,0,1,3,5,0,1,2,1,1,0,0,0,2,1,0,0,1,1,1,0
29,10,45,0,0,4,1,1,1,0,1,1,0,0,0,0,1,0,1,1,0,0,0
27,20,7,0,0,0,1,0,0,2,1,1,1,0,3,0,1,1,2,1,0,1,1
24,20,7,0,0,3,2,0,1,2,2,1,1,2,0,0,1,0,0,1,0,0,1
50,20,45,0,0,0,2,1,1,1,2,1,1,0,0,1,1,0,0,1,0,1,0
39,8,45,0,0,4,5,1,0,1,2,1,1,0,3,2,0,0,0,1,0,1,0
30,20,23,0,0,3,5,0,0,0,0,1,1,2,4,1,1,1,1,1,1,0,0
22,16,45,0,1,1,4,0,1,1,2,1,1,2,3,0,1,0,0,1,0,0,0
40,39,45,0,0,4,5,0,0,2,2,2,2,2,0,0,1,0,2,1,1,0,0
21,39,17,0,0,2,4,1,1,0,0,1,1,0,4,0,0,1,1,1,0,1,0
35,35,45,0,0,3,1,1,1,0,0,0,0,0,4,0,1,1,0,1,0,2,0
29,8,45,0,1,2,1,0,1,2,1,0,1,0,0,1,1,2,2,1,0,0,0
26,39,45,0,1,1,5,0,1,2,1,0,2,0,0,0,1,1,0,1,1,0,0
33,20,12,0,1,1,1,0,1,1,2,1,1,0,2,1,1,1,2,0,0,0,1
35,16,45,0,0,0,2,1,0,0,1,0,0,0,0,2,1,1,0,1,0,0,0
31,20,45,0,0,3,1,1,1,2,2,2,2,2,4,1,1,1,2,1,1,2,0
37,20,45,0,0,0,3,1,1,2,0,2,0,0,0,0,1,1,2,1,1,2,1
34,10,0,0,1,0,3,0,0,0,0,2,2,0,0,2,0,0,0,1,1,0,1
29,20,7,0,0,3,1,0,1,0,1,0,0,2,2,0,1,1,1,1,0,2,0
25,20,45,0,1,1,4,1,1,2,2,1,0,2,2,1,1,2,2,0,0,0,0
25,20,45,0,0,2,2,1,1,0,0,1,1,0,2,2,1,1,1,1,2,0,1
41,20,45,0,1,2,1,1,1,2,2,0,2,2,2,1,1,1,2,0,0,2,0
36,20,15,2,1,4,4,1,1,1,0,2,1,2,2,1,1,1,1,0,0,0,0
21,10,44,0,0,4,4,0,1,1,0,1,1,0,0,2,0,1,0,1,1,0,0
27,20,45,0,0,2,4,0,1,1,2,1,1,0,4,1,1,2,2,0,0,0,0
43,16,45,0,0,4,5,0,1,2,0,2,2,0,0,1,1,1,2,1,0,0,0
25,33,45,2,0,1,0,0,1,2,2,2,2,2,4,0,0,1,1,1,1,2,1
46,39,45,0,0,3,5,0,1,2,2,2,2,0,0,0,1,1,0,1,1,2,0
40,16,45,2,0,3,0,1,1,0,1,1,1,0,2,2,0,1,0,1,1,0,0
35,20,45,0,0,4,4,0,1,0,1,0,0,2,0,1,1,0,0,1,1,2,0
33,20,45,0,0,4,5,1,1,0,0,0,0,0,0,2,1,1,0,1,0,2,0
28,20,45,0,1,3,4,0,1,0,1,1,0,0,2,1,1,1,2,1,2,0,0
44,39,45,2,1,3,0,1,1,1,2,1,1,1,4,2,2,1,0,1,1,2,0
35,16,45,0,1,3,4,0,1,2,2,1,1,0,2,0,0,1,1,1,1,0,0
26,16,45,0,1,0,5,0,1,0,0,1,0,0,0,0,1,0,0,1,1,1,0
34,39,17,0,0,2,2,0,1,1,0,1,1,2,2,0,0,0,1,0,0,2,0
44,20,44,0,0,3,5,0,0,1,0,1,2,0,0,0,1,1,1,1,1,1,0
37,20,44,0,0,0,2,1,1,0,0,1,1,0,2,1,1,1,2,1,2,0,0
50,16,45,0,0,4,1,0,1,2,2,1,0,0,0,1,1,1,2,1,0,0,0
31,39,45,0,0,0,2,0,1,0,1,1,0,0,0,0,1,0,1,1,0,0,0
40,16,45,0,0,3,5,1,1,2,2,2,2,2,0,2,0,0,0,1,0,1,1
29,20,44,0,0,0,4,0,1,0,0,1,1,0,0,0,1,1,0,1,0,0,0
23,20,17,0,1,3,4,0,1,0,1,1,1,0,2,0,1,0,0,1,1,0,0
46,39,45,0,1,3,1,1,1,0,1,0,0,0,0,1,1,1,2,2,2,0,0
26,10,7,0,1,3,1,0,1,2,1,1,1,2,0,0,1,1,0,1,0,0,0
25,20,45,0,0,4,4,0,1,0,0,1,1,0,0,1,1,1,2,1,1,0,0
28,20,21,0,0,2,2,0,1,0,0,1,0,0,0,0,1,0,0,1,0,0,0
33,20,23,0,0,0,4,0,0,1,0,1,1,0,0,0,0,1,1,1,1,1,0
37,20,44,0,1,2,5,0,0,2,2,2,2,2,1,2,0,1,0,1,2,1,1
35,20,45,2,0,4,0,1,1,2,1,1,1,2,4,1,1,1,2,1,1,2,0
32,20,45,0,0,0,5,0,1,0,1,0,0,0,0,0,0,1,1,1,1,0,0
26,20,7,0,0,3,4,1,1,1,0,1,1,0,3,2,0,1,1,1,0,0,0
31,8,45,0,1,3,3,0,1,2,2,1,0,2,2,0,1,1,2,1,1,2,0
18,20,45,0,0,0,2,0,1,0,1,0,0,0,4,1,1,1,1,1,0,2,0
28,10,45,0,1,2,3,0,1,2,2,2,2,0,1,0,1,0,1,1,1,1,0
72,10,45,0,1,0,3,1,0,2,1,0,2,0,2,0,0,1,2,1,1,0,1
23,10,20,0,1,3,5,0,1,0,1,1,0,0,0,2,0,0,0,1,1,0,0
48,20,45,0,0,0,2,0,0,2,2,2,2,2,0,0,1,1,2,1,0,0,0
49,20,45,0,1,0,5,0,1,2,2,2,2,2,0,1,1,2,2,1,1,2,0
38,18,45,0,1,3,1,0,1,0,0,1,1,0,0,0,0,1,0,1,1,0,0
25,39,21,0,0,4,1,0,1,0,1,1,0,0,0,0,1,1,2,1,1,0,0
5,20,45,0,0,4,1,0,1,0,1,1,1,0,2,1,1,2,2,1,1,2,0
37,35,45,0,0,1,4,1,1,0,1,1,1,2,1,2,1,1,1,1,2,1,1
32,20,45,1,0,3,4,0,1,2,2,1,0,0,0,0,1,1,2,1,1,1,0
32,16,45,0,0,2,1,0,1,2,2,1,2,2,0,2,1,0,2,1,1,0,0
32,20,45,0,0,0,3,0,1,2,1,0,2,2,2,1,1,1,2,0,0,2,0
29,20,7,0,0,1,4,0,1,1,0,1,1,0,1,2,1,0,0,1,0,0,0
35,20,7,0,1,3,4,1,1,1,2,1,1,0,0,0,1,0,1,1,1,0,0
29,20,45,0,0,4,2,0,1,2,2,2,2,0,2,1,1,1,1,0,0,2,0
23,20,7,0,0,1,2,0,1,2,2,2,0,0,0,0,1,2,1,1,1,0,0
38,10,39,2,1,1,0,1,1,1,2,1,1,2,2,0,0,1,1,1,0,0,1
26,20,44,0,0,0,4,0,1,0,0,1,0,0,4,1,1,1,1,1,1,0,1
39,20,18,0,0,4,4,1,1,1,0,1,1,2,0,2,1,0,0,1,1,0,0
19,20,44,0,0,4,4,0,1,2,0,1,2,0,4,1,1,2,2,1,1,2,0
50,20,45,0,0,3,0,1,1,0,0,1,0,0,0,2,0,1,1,1,0,0,0
29,39,26,0,0,0,4,1,1,1,0,1,1,1,0,0,0,0,2,0,2,1,0
31,33,45,0,0,3,5,0,1,2,1,0,0,2,2,1,1,2,2,1,1,2,0
36,37,45,0,0,3,5,0,0,2,1,1,1,0,1,2,0,1,0,1,1,1,1
22,20,45,0,0,3,5,0,1,0,0,0,0,0,0,0,1,1,0,1,0,0,0
38,39,45,0,1,0,5,0,0,2,1,2,2,0,0,2,0,1,0,1,1,1,0
29,20,7,0,0,2,0,0,1,1,0,1,1,0,4,2,0,1,0,1,1,0,0
36,20,45,0,0,3,1,1,1,2,2,1,1,0,3,0,0,1,1,0,0,0,0
27,20,44,0,0,3,5,0,0,1,0,1,1,2,2,0,1,2,2,0,0,1,0
40,16,45,0,1,3,5,1,1,2,2,1,2,0,0,2,1,0,0,1,0,0,0
38,10,45,0,1,3,5,0,0,2,2,2,2,2,4,0,1,2,2,1,1,1,1
55,16,45,0,1,2,5,0,1,2,2,2,2,2,4,1,1,2,2,1,1,2,0
38,10,45,0,1,3,2,0,1,2,2,1,2,2,2,1,1,1,2,1,1,2,0
27,20,17,0,1,3,4,0,1,1,1,1,1,0,1,2,0,1,0,1,1,1,1
26,39,45,0,0,1,2,0,0,0,1,1,1,0,0,2,0,1,2,1,0,1,0
43,20,45,0,0,0,3,0,1,0,0,1,0,0,0,1,1,2,1,1,1,2,0
31,20,44,2,0,1,4,0,1,0,0,1,1,0,0,0,1,1,2,1,0,0,0
23,20,44,1,0,3,2,1,1,0,0,0,0,0,4,0,1,1,0,0,0,1,0
25,33,45,0,0,3,4,0,1,1,0,1,1,1,2,0,1,1,0,1,1,2,0
26,37,7,2,0,3,0,0,1,1,2,2,1,0,0,1,1,2,2,1,1,2,0
28,20,45,0,1,3,2,0,1,2,0,1,1,0,2,0,0,1,0,1,0,1,0
30,20,44,0,0,0,2,1,1,0,1,0,0,0,4,1,1,2,2,0,0,2,0
43,20,45,0,0,4,4,1,1,0,0,1,0,0,0,0,1,1,0,1,1,0,0
30,16,44,0,1,3,5,0,1,2,2,1,0,2,0,0,1,1,2,1,2,2,0
40,20,45,0,1,3,5,1,0,2,1,2,0,0,0,2,0,1,1,1,0,1,0
29,35,44,0,0,2,4,0,1,0,0,1,1,0,0,0,1,1,0,1,0,0,0
39,20,45,0,1,3,3,0,1,2,2,1,0,2,4,1,1,1,2,1,1,2,0
23,20,45,0,0,0,2,0,0,0,1,0,0,0,0,1,1,2,2,0,2,2,0
33,16,44,0,0,4,5,0,1,0,1,0,0,0,0,1,1,1,2,0,0,0,0
36,20,39,0,1,1,1,0,0,1,2,1,1,0,2,1,1,1,2,1,2,2,0
35,39,45,0,1,3,2,0,1,2,2,1,1,2,1,2,1,0,1,1,0,0,0
29,20,28,0,1,1,0,0,1,0,1,0,2,0,3,1,0,2,2,0,1,2,0
28,20,5,0,0,4,2,0,1,0,0,1,1,0,0,0,1,1,2,0,2,1,1
30,39,28,0,0,3,3,0,1,0,0,1,1,0,0,0,1,2,2,0,2,0,0
24,16,45,0,0,4,0,0,1,0,0,0,1,2,4,1,1,2,2,0,2,2,0
33,39,45,0,0,4,0,0,1,0,1,1,0,0,0,0,0,1,0,1,1,0,0
18,39,45,0,0,3,4,0,1,0,0,1,0,0,0,2,1,0,0,1,0,0,0
32,39,21,0,0,3,4,0,1,1,0,1,1,0,2,1,1,1,2,1,0,0,0
20,20,0,0,0,4,1,1,1,0,1,0,0,2,4,1,1,1,2,1,1,0,0
23,21,44,0,0,0,2,0,1,0,0,1,1,0,2,0,1,1,1,1,0,2,1
329,20,45,0,0,1,4,1,1,2,2,1,1,0,0,0,1,1,0,1,1,1,0
26,39,44,2,0,3,0,0,1,1,2,1,1,0,0,0,1,1,1,1,0,2,0
38,20,34,0,0,4,1,0,1,1,2,1,1,0,2,0,1,1,1,1,0,1,0
19,20,7,0,0,3,2,0,1,0,1,1,1,0,1,1,1,1,2,1,2,0,0
42,33,28,0,0,2,1,1,1,2,2,1,1,2,0,2,1,1,0,1,0,0,0
24,20,45,0,1,2,4,1,1,0,0,1,1,0,4,1,1,2,2,0,2,2,0
28,39,21,0,0,3,2,0,1,1,2,1,1,2,0,2,0,0,0,1,1,1,1
49,20,45,0,1,3,1,0,1,2,1,2,2,2,2,0,0,1,2,1,1,2,0
49,39,24,2,1,3,0,1,1,1,2,2,1,0,1,2,2,0,0,1,1,1,1
11,39,45,2,0,0,0,1,1,1,2,1,1,2,4,1,1,1,1,1,0,2,0
35,20,42,0,1,1,5,0,1,0,1,1,1,2,4,1,1,1,1,1,0,1,0
29,20,41,0,0,2,5,0,1,0,1,0,0,0,0,0,0,0,0,1,2,0,1
29,20,45,0,0,0,1,0,0,2,2,2,1,2,4,2,0,2,2,1,0,0,0
36,20,44,0,0,3,5,0,0,2,2,2,2,2,2,0,0,1,1,1,0,0,1
30,39,45,0,1,0,5,0,0,0,0,1,0,0,0,2,0,0,0,1,1,1,0
35,20,13,2,1,1,0,0,1,1,2,2,1,0,2,1,1,1,1,0,2,2,0
34,20,18,0,0,4,2,1,1,1,0,1,1,0,3,2,0,1,0,1,0,1,0
29,16,45,0,0,4,5,0,0,0,1,1,0,0,0,0,1,0,1,1,0,0,0
33,20,45,0,1,3,2,0,1,0,2,1,2,0,2,1,1,2,2,1,1,0,0
28,39,33,0,0,2,4,1,1,1,0,1,1,0,0,1,1,2,2,0,2,2,0
32,20,45,0,0,3,5,0,1,2,2,2,2,2,1,0,0,1,1,1,1,0,1
22,20,45,0,0,4,5,0,1,2,1,2,0,2,0,1,1,1,2,1,0,2,0
32,39,7,2,0,0,4,1,1,0,1,1,1,0,4,1,1,2,2,0,0,2,0
33,20,45,0,1,3,2,1,1,2,2,2,2,2,2,1,1,1,2,0,0,2,0
27,20,0,0,0,1,1,1,1,1,0,1,1,0,0,0,1,1,0,1,0,1,1
25,20,45,0,1,3,0,1,1,0,0,0,0,0,4,1,1,2,2,0,2,0,0
32,20,45,0,0,0,0,1,1,0,1,1,1,0,0,0,1,1,2,1,1,0,0
32,39,45,0,1,0,2,0,1,0,1,1,1,0,4,1,1,1,1,1,0,1,0
35,16,45,0,1,3,1,0,1,2,2,1,1,0,3,0,0,1,1,1,0,1,1
30,16,45,0,0,1,2,0,1,1,2,1,1,2,2,0,1,2,2,1,0,0,0
44,16,45,0,1,3,1,0,1,2,2,1,2,2,0,0,1,1,1,1,1,0,0
42,10,45,1,1,3,1,0,1,2,2,1,1,1,3,0,1,2,2,1,0,1,0
31,39,45,0,0,3,5,0,1,2,1,2,2,2,0,2,0,1,1,1,0,2,0
30,39,45,0,1,1,5,0,1,2,2,2,1,0,3,2,1,1,0,1,1,1,1
27,20,44,0,0,4,1,0,0,0,1,0,0,1,4,0,0,2,2,1,1,0,0
33,20,45,0,0,0,5,0,1,2,2,2,2,2,2,1,1,1,2,1,1,2,0
26,20,45,0,1,3,1,0,1,0,1,1,1,0,0,0,1,1,0,1,0,0,0
29,20,45,0,1,3,2,0,1,0,1,0,0,0,0,0,1,1,1,1,1,2,0
31,10,3,0,0,4,2,0,1,0,1,1,1,2,4,0,1,1,1,1,1,0,0
23,35,45,0,1,3,5,0,1,2,2,2,2,2,2,2,0,0,0,1,1,0,0
25,8,45,0,1,3,2,0,1,2,2,1,1,2,0,1,1,1,2,1,1,0,0
24,6,44,2,0,3,4,1,1,1,0,1,1,0,0,0,0,1,1,1,0,0,1
30,20,45,0,0,3,1,1,1,2,2,1,2,2,0,1,1,2,2,0,1,2,0
19,20,7,2,1,4,0,1,1,0,1,1,2,2,2,0,1,1,1,0,0,0,0
29,20,45,0,0,3,4,0,1,0,0,1,1,0,3,2,1,0,0,1,0,1,0
36,20,17,0,0,4,2,0,1,2,2,1,1,2,4,1,1,1,2,0,0,2,0
36,39,14,0,0,1,4,0,1,1,0,1,1,1,3,2,1,1,0,1,0,0,1
27,34,45,0,0,0,1,0,0,0,1,0,0,0,0,1,1,1,2,1,1,2,0
25,30,45,0,1,4,3,0,0,0,1,1,1,0,0,0,1,1,1,1,0,0,0
25,20,45,0,0,4,1,1,1,2,0,1,1,2,0,1,1,2,2,0,0,0,0
26,20,22,0,0,3,4,0,1,1,0,1,1,2,4,0,1,1,2,1,0,2,0
27,16,29,0,0,2,2,0,1,1,2,1,2,1,1,2,1,0,0,1,0,1,1
24,16,44,0,0,0,4,0,1,1,0,1,1,2,0,0,0,0,1,1,1,0,0
23,39,45,0,0,4,5,0,1,0,0,1,0,0,0,1,1,1,2,1,0,1,0
38,20,45,0,0,4,4,0,1,1,0,1,1,2,0,0,1,1,2,0,0,0,0
32,30,45,0,0,3,2,0,1,2,2,1,1,2,0,0,0,1,0,1,1,1,0
31,39,17,0,0,4,4,0,1,0,0,1,0,0,2,1,1,1,2,0,0,0,0
26,10,45,0,1,0,2,0,1,0,1,1,1,0,1,0,0,1,0,1,0,1,0
24,20,44,0,0,3,4,0,1,0,0,1,0,0,2,0,1,1,2,0,2,2,0
27,20,45,0,0,4,2,0,1,0,0,1,1,0,0,1,1,2,2,1,0,2,0
-29,20,45,0,0,4,5,1,0,2,0,0,2,0,0,1,1,1,2,1,1,0,0
42,39,17,0,0,4,5,1,1,0,1,2,2,2,4,1,1,1,0,1,0,2,0
37,10,7,2,1,2,0,1,1,1,2,1,1,2,2,2,0,1,1,0,0,0,1
26,20,45,0,0,2,5,0,1,2,0,1,1,2,2,1,1,1,2,1,0,1,0
36,39,45,2,0,0,0,0,1,2,0,1,0,0,1,1,1,1,2,2,2,2,0
23,20,45,0,1,3,1,0,1,0,0,1,0,0,0,0,1,1,0,1,0,1,0
32,20,45,0,0,0,5,0,1,2,0,1,0,0,0,0,1,1,1,1,1,0,0
28,39,3,0,0,3,5,0,0,1,0,1,1,0,2,2,0,0,0,1,1,0,1
26,20,45,0,1,1,4,0,1,2,2,1,1,0,1,0,1,1,2,1,1,1,0
33,20,45,0,1,3,4,1,1,0,0,0,0,2,4,1,1,2,2,1,0,2,0
41,39,45,0,0,1,4,1,1,1,1,1,1,0,3,0,0,1,1,0,0,0,0
44,20,44,0,1,3,3,0,0,0,0,1,1,0,1,0,1,1,2,1,0,1,1
21,20,45,0,0,1,4,0,0,0,0,1,0,0,0,0,1,0,0,1,0,0,0
34,35,21,0,0,3,3,0,0,2,2,2,1,2,0,2,2,1,1,1,1,2,0
35,35,45,0,1,3,0,1,1,1,0,1,1,2,0,0,0,1,1,1,1,2,0
26,16,45,0,0,3,4,0,1,0,0,1,1,0,0,2,2,1,0,1,1,1,0
31,20,45,0,1,4,4,0,1,0,1,1,1,0,0,0,1,1,1,1,1,0,0
41,22,45,0,0,4,2,0,1,2,1,1,1,0,4,2,1,0,1,1,1,0,0
35,39,17,0,0,4,2,0,1,1,0,1,1,0,4,0,1,1,1,1,1,0,0
44,16,45,1,0,2,5,0,0,0,0,0,0,0,0,0,1,0,0,1,1,0,0
45,39,45,0,1,2,4,1,1,2,2,1,2,2,4,1,1,2,2,2,2,2,0
31,39,15,0,0,4,3,0,1,0,0,1,0,0,0,0,0,1,0,1,1,2,0
24,20,44,0,1,1,2,0,0,0,2,1,1,1,2,2,0,1,2,1,0,1,1
36,8,45,0,1,2,5,1,1,2,2,1,1,2,2,0,0,1,0,1,1,0,0
36,20,45,0,0,2,5,1,1,2,0,2,0,0,2,0,1,0,0,1,1,0,0
26,20,21,2,0,0,0,1,1,1,0,1,1,0,1,0,1,1,2,0,0,2,0
32,39,45,0,0,2,4,0,1,2,1,1,0,0,0,0,1,0,1,1,0,0,0
25,20,45,0,0,0,5,0,0,2,2,2,2,2,4,1,1,1,2,0,0,2,0
26,8,0,0,1,3,1,0,0,1,2,2,2,0,2,1,1,2,2,1,1,0,0
29,20,45,0,0,1,2,0,1,2,2,1,1,2,4,1,1,2,2,0,0,2,0
40,20,45,0,1,2,4,0,1,0,1,1,0,0,0,1,1,2,2,1,0,0,0
34,39,45,2,1,3,4,0,1,1,2,1,1,2,2,1,1,1,1,1,1,1,0
31,20,17,0,0,3,4,1,1,1,0,1,1,1,4,1,1,2,2,0,0,2,0
32,10,21,0,1,0,5,0,1,2,2,0,2,2,0,0,1,1,1,1,1,0,0
29,16,45,0,0,3,2,0,1,2,2,1,1,0,0,2,1,1,1,1,0,0,0
38,20,45,0,0,0,2,0,1,2,2,1,1,0,2,0,1,1,2,1,0,1,1
37,20,21,2,0,0,4,0,1,1,0,1,1,0,0,2,0,0,0,1,0,0,0
24,10,45,0,1,3,5,0,0,2,2,1,0,0,1,2,0,1,1,1,1,1,1
34,16,0,0,0,3,5,0,1,2,2,2,2,2,4,1,1,1,2,1,0,2,0
38,20,45,0,0,3,5,0,0,2,2,2,2,0,0,1,1,1,2,1,1,0,0
33,16,45,0,1,3,4,1,1,0,1,1,1,2,4,1,1,1,2,1,1,2,0
30,20,20,0,0,1,4,0,1,1,0,1,1,1,4,0,0,1,1,0,0,0,0
36,16,45,2,1,3,0,1,1,0,2,0,1,2,1,0,1,1,2,1,2,2,0
28,10,45,0,0,2,4,0,1,2,2,0,2,2,4,1,1,1,1,1,2,0,0
26,8,45,0,1,1,1,0,0,0,0,1,1,0,1,0,1,0,0,1,0,1,0
35,20,45,0,1,2,4,0,1,2,2,2,2,2,4,1,1,1,2,1,1,2,0
26,20,45,0,1,3,4,1,1,0,0,1,0,0,2,0,1,1,1,0,0,0,0
48,16,45,0,0,0,4,0,1,0,0,1,0,0,0,0,1,0,0,1,0,0,0
29,39,45,0,0,0,2,0,1,0,0,1,0,0,0,1,1,2,2,0,0,1,0
19,16,7,0,0,0,2,1,1,0,0,1,1,0,2,1,1,1,1,1,0,1,0
36,20,45,0,0,2,2,0,1,0,1,1,0,0,0,1,1,1,1,1,1,0,0
39,20,44,0,0,3,1,0,1,1,0,1,1,0,4,1,1,0,1,1,2,2,0
33,20,45,0,1,1,4,1,1,1,2,1,1,0,3,2,1,1,2,1,0,1,0
32,20,45,2,1,2,0,1,1,1,2,1,1,0,3,2,1,1,0,1,0,0,0
34,10,45,0,0,3,0,0,1,1,1,1,1,0,4,1,1,1,2,1,0,2,0
21,20,7,0,0,3,4,1,1,1,2,1,1,0,1,1,1,1,1,0,0,2,0
31,20,45,0,0,0,5,0,1,0,0,1,0,0,2,2,1,1,0,1,1,0,0
22,10,45,0,1,3,5,0,1,0,1,0,0,0,3,2,0,1,1,1,0,1,1
56,37,45,0,0,2,5,1,1,2,2,0,2,2,2,1,1,2,2,2,2,2,0
35,20,44,0,0,3,4,0,1,1,0,1,1,0,3,0,0,1,2,1,0,1,1
33,10,45,2,1,3,0,0,1,2,2,2,2,2,2,0,2,1,0,1,1,1,0
34,10,44,0,1,2,2,0,0,2,2,2,2,2,4,1,1,1,2,0,0,2,0
40,35,45,0,1,0,1,1,1,2,2,2,1,0,0,2,2,0,0,1,1,0,0
29,10,0,0,1,3,5,0,0,2,2,2,2,1,1,2,1,1,1,1,1,1,1
37,20,45,0,0,1,5,0,0,0,0,1,1,0,0,0,1,1,0,1,1,1,0
32,20,44,0,0,4,4,0,1,0,0,1,1,0,4,1,1,0,2,1,0,1,0
31,20,39,0,0,0,1,1,1,1,0,1,1,1,0,1,1,1,1,1,0,1,0
29,35,7,0,0,2,5,1,0,2,2,2,0,2,2,1,1,0,2,1,0,0,0
33,5,45,0,0,3,4,0,1,1,2,1,1,0,2,0,1,1,0,1,0,1,0
32,16,44,0,0,4,2,0,1,0,1,1,0,0,2,0,0,1,1,0,0,0,0
33,20,45,0,1,0,2,1,1,2,2,2,2,0,0,2,0,2,1,1,1,2,0
32,39,44,0,0,4,2,0,1,1,1,1,0,0,0,1,1,0,1,1,0,0,0
43,20,45,0,0,3,5,1,1,2,1,1,2,0,0,0,1,0,0,1,1,0,0
27,20,45,0,0,0,4,0,1,0,0,1,0,0,0,0,1,1,2,0,0,0,0
31,20,45,0,1,0,1,0,1,0,0,0,0,0,4,1,1,1,2,1,1,0,0
31,10,44,0,0,4,4,0,1,0,0,1,1,0,0,1,1,2,2,0,0,0,0
27,10,45,0,1,3,2,0,1,2,0,1,1,0,4,1,1,1,1,1,1,2,0
24,20,7,0,0,0,2,0,1,0,0,1,1,0,0,1,1,1,2,0,2,0,0
23,10,45,0,1,3,2,0,0,1,0,1,1,0,1,2,1,0,1,1,0,1,0
24,20,44,0,0,3,4,0,1,1,0,1,1,0,0,0,0,1,0,1,2,1,1
46,13,45,0,0,1,5,0,0,2,2,2,2,0,0,2,1,1,1,1,1,1,1
36,20,45,0,0,3,2,0,1,2,0,1,2,0,0,0,1,1,1,1,0,0,1
34,48,45,0,1,2,5,0,0,2,2,2,2,2,3,0,0,1,1,1,1,2,0
38,10,45,0,0,3,0,0,1,1,2,1,1,0,0,1,0,1,0,1,1,0,1
34,20,14,0,0,0,4,0,1,1,0,1,1,0,2,1,1,2,2,1,0,0,0
40,35,45,0,1,2,5,0,0,2,0,0,0,0,2,0,0,0,0,1,1,0,0
19,20,7,0,1,3,0,0,1,1,0,1,1,0,0,0,0,1,0,1,0,0,0
31,20,20,0,0,4,2,0,1,0,1,1,1,0,0,2,2,0,0,1,1,0,0
41,39,17,0,0,3,5,0,1,0,0,1,1,0,1,1,1,2,2,1,1,2,0
30,20,0,0,0,3,2,0,1,1,0,1,1,0,4,1,1,1,1,1,1,0,0
38,20,7,0,1,2,1,0,1,0,1,1,0,0,0,1,1,2,2,1,0,1,0
62,16,45,0,0,0,5,0,1,2,2,0,2,0,0,0,1,1,2,0,0,2,0
35,39,7,0,0,3,4,0,1,0,0,1,1,0,2,1,1,1,2,1,0,0,0
27,20,7,1,0,0,4,0,1,0,1,0,0,0,2,1,1,1,1,0,2,2,0
24,39,17,0,1,3,4,0,1,1,0,1,1,0,2,0,1,2,2,1,1,0,0
27,20,22,0,0,4,2,0,1,1,0,1,1,0,1,2,1,1,0,1,0,1,1
26,8,45,0,1,0,5,0,1,2,2,1,2,2,0,0,1,0,0,1,1,0,0
26,20,15,0,0,4,4,1,1,1,2,1,1,0,2,1,1,1,0,1,0,2,0
38,20,21,0,1,3,0,0,1,1,0,1,1,1,3,2,2,0,0,1,1,1,0
30,20,17,2,0,1,4,1,1,2,2,1,1,2,3,1,1,1,2,0,2,2,0
33,20,45,0,0,3,5,0,1,2,2,0,0,0,0,0,0,1,1,1,1,0,0
43,20,45,2,1,3,0,1,1,2,1,1,0,0,0,0,0,1,1,1,0,0,0
23,10,44,0,1,0,5,0,0,1,0,1,2,0,2,2,0,0,0,1,0,0,0
29,8,45,2,0,3,5,0,1,2,1,0,1,0,4,0,0,1,1,1,1,0,0
27,25,45,0,0,4,2,0,1,2,1,1,0,0,0,1,1,2,2,1,1,0,0
24,10,45,0,0,4,3,0,1,0,1,1,0,0,0,0,0,1,0,1,0,1,0
26,8,45,0,0,4,4,0,1,0,1,1,1,0,2,1,1,2,2,1,0,2,0
36,20,45,0,0,3,5,0,1,0,0,1,1,2,2,1,1,2,2,0,2,0,0
39,10,45,0,0,3,2,0,1,0,1,1,0,0,0,2,1,0,0,1,2,0,0
32,20,45,0,0,0,4,1,1,1,0,1,1,0,4,1,1,2,2,1,1,0,0
35,20,44,2,0,3,0,0,1,0,1,1,0,0,2,1,1,1,2,1,1,0,0
34,35,45,0,0,3,3,0,0,2,2,2,2,2,2,0,1,1,2,1,1,2,0
25,8,45,0,1,3,3,0,1,2,0,1,1,0,0,2,2,1,1,1,1,0,0
43,20,11,2,0,3,0,1,1,1,0,1,1,2,3,2,1,2,0,1,0,1,1
28,20,45,0,1,3,2,0,1,2,2,1,1,0,0,0,1,1,0,1,0,1,0
37,39,45,0,1,3,1,0,1,2,2,0,0,2,0,0,1,2,2,1,1,0,0
28,39,45,0,0,4,5,0,0,2,0,1,1,2,2,0,1,0,0,1,2,1,0
28,39,45,0,0,3,5,0,1,2,2,1,1,2,1,0,1,1,0,1,0,1,0
30,10,45,0,1,3,3,0,0,2,2,2,2,2,2,0,0,1,1,1,1,1,1
42,16,45,0,1,3,4,1,1,0,0,1,0,0,0,0,0,1,1,1,1,0,0
45,16,45,0,0,0,4,1,1,2,0,1,1,0,0,2,0,1,0,1,0,0,0
32,20,44,0,1,3,1,1,1,0,1,1,1,0,1,2,0,0,0,1,1,1,1
40,35,45,0,0,3,0,0,1,2,2,1,1,0,0,0,1,1,0,1,0,2,0
39,20,7,0,0,3,1,0,0,2,2,2,2,2,4,2,1,1,2,1,0,1,1
47,16,45,0,1,3,5,0,1,2,2,2,2,0,4,1,1,1,2,1,2,2,0
31,39,17,0,1,3,1,0,1,0,0,1,1,2,2,1,1,1,0,1,1,0,0
40,39,45,0,0,3,2,0,1,1,2,1,1,2,3,1,1,2,2,2,2,1,0
34,39,17,2,0,3,0,1,1,1,1,1,1,2,1,0,0,1,1,1,1,0,0
40,20,7,0,0,0,2,0,1,1,0,1,1,0,1,1,1,1,1,1,1,1,0
43,41,45,0,0,3,4,1,1,0,0,1,0,0,0,0,1,0,0,1,0,1,0
34,39,45,0,1,3,0,0,1,1,0,1,1,0,1,0,1,1,1,1,0,1,1
36,20,45,1,1,0,3,0,1,0,1,1,0,0,0,1,1,2,2,1,1,0,0
30,39,45,0,0,4,4,0,0,0,1,1,0,0,0,0,0,1,1,1,1,0,0
29,20,45,0,1,1,1,0,1,2,2,2,2,0,0,1,1,1,2,1,1,0,0
29,26,45,2,1,3,0,1,1,2,2,1,1,0,3,2,1,1,0,1,0,1,0
34,20,45,0,0,0,2,0,1,1,0,1,1,0,4,0,1,1,1,1,0,0,0
43,39,45,0,0,3,5,0,0,0,0,1,0,0,3,0,1,1,2,1,1,0,0
29,20,45,0,1,3,1,0,1,2,2,1,1,1,1,0,1,1,1,1,1,1,0
25,20,21,0,1,3,2,0,1,1,0,1,1,0,0,0,1,1,1,1,0,1,0
39,20,45,0,1,1,2,0,0,0,1,1,1,0,2,2,1,1,1,1,0,0,0
40,16,45,0,0,0,1,0,1,2,1,1,0,0,0,0,1,1,1,1,0,0,0
33,20,0,0,0,0,5,0,1,0,1,0,0,2,4,1,1,1,2,0,2,2,0
39,20,28,0,0,4,5,0,0,2,1,2,0,0,2,0,0,0,1,1,1,2,0
33,35,45,0,1,2,5,0,1,2,2,2,2,2,2,1,1,1,2,1,1,2,0
34,39,28,2,1,2,0,1,1,2,2,2,2,2,4,1,1,2,1,1,0,2,0
35,10,45,0,1,0,5,0,1,2,1,0,1,2,2,0,1,0,0,1,1,0,0
26,39,17,0,0,4,3,0,1,0,0,0,0,0,0,1,1,1,1,0,0,0,0
29,20,45,0,0,4,4,0,1,1,0,1,0,0,1,0,0,1,0,1,1,0,0
33,10,45,0,0,3,3,1,1,2,2,2,2,0,4,1,1,1,1,1,1,0,0
30,10,45,0,1,1,5,0,0,2,0,1,1,0,1,2,1,0,0,1,0,1,0
34,20,45,0,0,3,4,1,1,0,0,1,1,0,3,0,1,1,2,1,0,0,0
51,20,45,0,0,0,5,1,1,2,2,2,2,2,4,1,1,2,2,1,1,2,0
32,20,23,0,0,4,4,0,1,1,0,1,1,1,1,0,1,1,0,0,0,1,0
31,39,45,0,1,2,1,1,1,2,2,2,0,2,4,1,1,1,2,1,0,2,0
31,39,45,2,0,0,0,1,1,1,0,1,1,2,1,1,1,1,1,1,0,2,0
37,16,45,0,0,4,3,0,1,2,0,1,1,0,0,0,0,1,1,1,1,0,0
28,8,45,0,0,1,4,0,1,1,2,1,1,0,3,2,0,1,1,1,1,0,0
34,39,45,0,0,4,2,0,0,2,0,1,1,0,0,0,1,1,0,1,1,0,0
33,39,17,0,1,1,2,0,1,0,1,2,1,2,2,1,1,1,2,2,2,2,0
28,39,28,0,0,4,4,0,1,1,1,1,1,0,2,0,0,1,1,1,1,0,0
27,35,45,0,1,2,5,1,1,2,2,1,0,0,0,0,0,0,2,1,1,0,0
28,13,45,0,0,3,2,0,1,1,2,1,1,0,1,2,0,1,1,1,1,1,1
36,20,45,0,0,4,5,0,1,0,1,0,0,0,0,0,1,1,1,1,1,0,0
28,20,44,0,0,0,2,0,1,0,1,1,1,0,2,1,1,1,2,0,2,0,0
33,20,45,0,1,3,5,0,1,2,2,1,1,0,4,0,1,2,1,1,2,1,0
32,10,44,0,1,3,1,0,1,0,0,1,1,0,1,0,1,1,1,1,2,0,1
45,35,45,0,0,2,2,0,0,0,0,0,0,0,0,1,1,1,1,1,0,0,0
34,35,45,0,1,2,3,1,1,2,1,1,0,0,0,2,0,1,1,1,1,0,0
24,20,45,0,0,4,2,0,1,2,1,2,2,2,4,1,1,1,1,1,0,2,0
28,20,45,0,1,1,5,0,0,2,2,2,2,2,2,2,0,1,2,1,1,1,1
57,16,45,0,1,2,5,0,1,2,2,1,1,0,0,0,1,1,2,1,0,1,0
25,20,45,0,0,4,2,1,1,0,0,1,1,0,4,1,1,1,2,1,1,0,0
29,33,44,0,0,1,5,0,0,2,2,1,1,0,0,0,1,1,0,1,2,1,1
36,39,45,2,0,3,0,0,0,1,2,1,1,1,3,1,1,0,0,1,1,1,1
42,8,45,0,1,3,2,0,0,2,2,1,1,0,0,2,1,1,1,1,2,1,0
32,39,44,0,1,2,4,0,0,1,0,1,1,1,0,2,0,1,0,1,1,1,0
20,35,45,0,0,3,2,1,1,0,1,0,0,0,0,1,1,1,1,0,0,0,0
